{"file_hashes":[{"block_hashes":["QLNb8nY9O5++28Mz7N9DTbsgnIzfKRl4j99jbrD8X3k=","zPyPkk9IqHfEUfMDotqt6zd57dZ5WsJC4EYMPx/kqM8="],"block_size":4096,"path":"_locales/af/messages.json"},{"block_hashes":["w4FyObnWn4y5rQ4raHWxSByvebqcg6a/8ef5YVpRPQE=","h5bA0D/WRRm3UY5HDgaCLRmVKPCIFge9x/kfH1HQ1/4=","PvLyzH0I24AhWos7BMf5KL3KidqU7k9SwoBB0pd9Ee8=","k2dRK/LH+ryq1aPX9uy/ODZjle9KSdlY/WBAIjS+x6U=","3mhlTJU44VE5WSPiFAH/YkEb7OQFZ/oSPvwBJXGKvxM=","kpkfUuN3c+JOuhEhod941rESI6xwLR3t4xT0+/8mqoQ="],"block_size":4096,"path":"_locales/as/messages.json"},{"block_hashes":["783Zm+EX7eRdmDi7CFVjoet7+jXhDfAIk/1aMUQ/dqA="],"block_size":4096,"path":"_locales/ast/messages.json"},{"block_hashes":["Aqz1f+mLp/hFaXm7o7Gg6kxivmvsEANXvHiB02P61kQ=","gChS9vgti7Co/vxMwYxiP6DDyuNX1wtS7/LOjvVmMQo=","DI+7RhgDer8Prh6Ob/9DUOnZHYrIzkDl1P+7m0hB8ng=","XleKR4B88K+JPSXigYZTj+4FQodiAOIusBcWT5L6Qws=","D1olDVEkzwQol/go47fWnUTXFbPFYzE0qgUWHIbNdJE=","sFv7HtY89PutmJad3AiKpn5mf/NPTNAfGohAm2RhUic=","E2Rs4l0GdjX7OtYAMFTBc3xYr1qNsGyX9ujy+Y5eJPU=","FiRPWUiZow6eHZGWMlhx9XIb5+iWKizA5vKGJZMyMCs=","wBpMDSLDK1lsuz/pWpsRguGdd3E0fHBAeZIr09bTMuw="],"block_size":4096,"path":"_locales/be/messages.json"},{"block_hashes":["D3rk7sP8cj3nEFdY2SJE8NZbt80v9oRapC/v3vtV7NQ=","9r4Y+TxJsXZK+X+bQ2ujc3tl2CaQBYWDFm9ZHG3zXMg=","Tea+W+TeHUQksrTduv0IhLjepclEzdnYQHNtlcLC23k=","//bRuR7oOLN1HFv3dKXnKz4NjqTSrUEWpGRjZSzhnBw=","F0d3fcdT2gnZz8UpWlcRZqY8CxLO6OwIUEJNyj6O/wc=","FKFWLmybEVbCV4ekluVx4KPMP1EYerwPNU11/GNpSQs=","e/zJSCndqONQ5/o7o2FylX6C3DPSA93MnEMd/c3grqs="],"block_size":4096,"path":"_locales/br/messages.json"},{"block_hashes":["vrmu2zhwKVasvEvCYfCNaefclSyFhmrdeZQoUai1nqs=","SRjwKeyjL23OUJGGkPRDFnJQb2jbjQbREoQEyF3RyOs="],"block_size":4096,"path":"_locales/cy/messages.json"},{"block_hashes":["OvZFZR0UPF+EjWJ2XnDvKW41/5SRvHXQtI2J8bMXYHU=","NsjQBWqLgYxgSedL3kyqujlTWkPV1/KuVUjdL9pckHA="],"block_size":4096,"path":"_locales/dsb/messages.json"},{"block_hashes":["tzXLSR3kOVigd5ORMsKcazSfezSwu3UhCbKGO43vXOo=","tM0qWa+MiyIRwNcjQdg/OpQAdp7jfCZ+ipP/6j0Pg5M=","68Y8gFzInqEUMsVf1g4mz8u2eYYqGMtMhLdff4Vn6qc="],"block_size":4096,"path":"_locales/eu/messages.json"},{"block_hashes":["rbb+2xlk8W0MpghRC6t3TowVwq42CcEA01sX1tsFFig=","nPqKbGs8on/855HE7BCZ6r+oupZKNo+n5OgjVi+zQb4=","2ZaxgeJneWyoSOJuuhlGs4zOx7ofXkciXHidRxBP6yo=","JkuSRFJl9wE0X6/BzbRvFOuYpSNuK68QcjOyNOg4sh8=","u2WqxBDlxIZcT5zXj+zhpQCR7tdeKC2eB+9r5NJcbCs=","rU14ObfMz3j5ELkos6vrhzloPIXCBr4CFfpzs7K9vyE=","3mRmpglHpcROlMfaonxDvkZUYkdIJmYFBxQcJIZPIys=","VmCdl+rNUcFpj6fXXpYY6otQ/lt5WXk0+H6sVtZcbgU="],"block_size":4096,"path":"_locales/fy/messages.json"},{"block_hashes":["psNZJN9Lo63518HqSz1zaj2yjyaJSBQkGrk1S7IBu1M=","SOEKFBtVJFhPvxX8IbUEIemztcITaMvZnJsR5hmImWA="],"block_size":4096,"path":"_locales/gl/messages.json"},{"block_hashes":["iMXePdfxMyzUkL3Tjts3xgTB52hL69UgxydtiqZke64=","bAgTgdNXabVPml+ptx3EFIK1Edr7Bvl85J/BhX3m+Mk="],"block_size":4096,"path":"_locales/hsb/messages.json"},{"block_hashes":["rUSahbQA9PTOAgopqSPKCLKzviLZcz6ibC0g0xOUPWQ=","rtBAnOAaeQ/aIcpRNv2IJmeFfhX/MVpObkH6JvorTVM=","fqxm9o7Zrpk1QlLl3iBgiruJo62QUuuN/fn2yDhYNbU="],"block_size":4096,"path":"_locales/hy/messages.json"},{"block_hashes":["eDBKdKHdphbSjyROjAxs6M4nd/00HdbpGMR66q8K2s0=","dkmiBiwMmrBTTJRp+TqfRzT9KN5dQqMoF48LzNREddk="],"block_size":4096,"path":"_locales/is/messages.json"},{"block_hashes":["fJd1tIEwWvJJhrhSLcr+1fo6wB3moCR/1yo8BHUnCLY=","6qph8zCUdLqUR1gKussQLanzhJhJe8gGzo9E1Q1dSgA=","xZuB1HfOz7H4deexJjrPqj/f2W5znYo2bFhH85Z7WTg=","7vxo8MxRTjAKtbZzeQ41J++0kAv0StjpUAfV39H4NvQ=","UlGkswOTERWrP6SR2SLIOHA7dW2x6SQ0qzMoniwRNb4=","j0Xna4OfLWhmM3B2K5h5+SuAfEeY/9k0JAtENrPlz6U=","/EvlvMY+bTO8nN+rsN7bidzi2bq84XqvjYotbDAxi1Y=","FhH/maKKTs+2Tx3hLc0JBVEUTY+2vg8a+PDmlkRfryI=","lpa65sF5BK8iceCmXO3YGCTpzgm0DNzSHxwgo/5rz0Y=","Nq2HD+2+HetpVB4a6pFiRP47DQhI5Ix8jntw8Z5ZgSo=","riR+rtL+NKPhRCYfgc0FZ2hDrW1vXaYll2Vj2O1UEeY=","iEt13ClydWYVOvGFbbzwXxP6r9xwsChg3clsjB048+M=","5DEaX0+ILlJTDvktLSGfTQgXajRpCai1mNKrOivLxFU="],"block_size":4096,"path":"_locales/ka/messages.json"},{"block_hashes":["YYsrGQv3w+mvz/NcQ1HrIMh8xz/luMrqQS4zYROFxys=","bzsC5sZjcb2zYKibiZbVPdmSrOmMlb7KTDDDilif9jI=","6ZtDY7jXQBNfDzsUHqB8YbKFFYBLZW2uWUoOnAh9FL0="],"block_size":4096,"path":"_locales/kab/messages.json"},{"block_hashes":["Db3Ed+3Ie+FtVKmjMbNJtCFmH8M6JlTidw1jsqU5HTI=","2rJZ+BR9vrDYSu+J+n5ko7fJbnp4rCtYU5bJDIL33Ss="],"block_size":4096,"path":"_locales/kk/messages.json"},{"block_hashes":["nUE+GMHkfKT0r2aKTrJFLTEnNGg6srMHCfcVDauw8Y4="],"block_size":4096,"path":"_locales/mg/messages.json"},{"block_hashes":["GjEheK7igSfTsh6G6D9FsISvxGdAqmFtPF3qImfhT5w="],"block_size":4096,"path":"_locales/mk/messages.json"},{"block_hashes":["AYUghUckmAW7tbqYOWdZ1240cRXn+IlTDfaJWTfmGD4="],"block_size":4096,"path":"_locales/nn/messages.json"},{"block_hashes":["IeyoUn9y1bsBbc9K9mP1CWrsbucvO8+bBfb61KmXxtQ="],"block_size":4096,"path":"_locales/rm/messages.json"},{"block_hashes":["jHAFKXlN8Uv3kbeL32DcQ8yItOOYDyu1i9U9XYrNLPo=","wCS/i7elaFkgFRA9UBIIwzA5M+Jvjl3T/6i9c4zHhOc="],"block_size":4096,"path":"_locales/si/messages.json"},{"block_hashes":["PaPW+eiq1MSpctIdAMlOaJZCgzjHWjvi1l3MM6jmaDo=","7JDsn+SseELMkIyUdXMB8kqwS31vAsOOwZ2B467KWtY="],"block_size":4096,"path":"_locales/sq/messages.json"},{"block_hashes":["M5qxnMCAcWXKA9FF0+4n1XNUzHj9akspuG1eiaP8qms="],"block_size":4096,"path":"_locales/ur/messages.json"},{"block_hashes":["2E6nD7nAPN/3/quk1juc09P6+lK+kQ5rtW5k5wVKz2s=","EOPdGSb/Rpw2ByhsTKS56yK/eLsvbKuCnUAJoQR6acY=","A9SOFkbyXojMtb7k4G67Zq4ZprVcYNbwSchJWC1KhLI=","rfhovSxhNSX3Cen3LZHoV05Bj+fbJ6qqFnoqwjb+8dE=","SgDsaYE/37S7XBKn0sSjtW3h5zOhMvyCr5bV1GZYesM=","6nqYwff9F82Zlpy1+PWhSNddOxT4mczBCFZTWNfft7s=","ngFxgyosFPs++WlsIwKOQfixTzb+R2zsY8fd3GhFofM=","dFBUm5Tds4RGZEctBNz9NZJwbAxExmyqsQ9pytxyoGc=","R80BISEJIqIbfqsl8zyqWCwQzQcNQzL3SBspzUnjXmM=","AdqkD5hzcYFpGVJlPPEBA3BDEvRg47FnQ2iXUyYo+i0=","gUQ0ScaX94McaWy1mD65R7bPCRYjqwrtgSI/ntMVUSA=","KEwzfTP2lXsMvTQSobRyZbcCivm4mvtjGXYQMi/DoBY=","+EBLmv6t00xfvwYcJtJGV8tJqTDviqO6LQCT39DS9T8=","ynPimvPkFUnKx6BXyiYcBmwh2o/wHtkjilIgNEEncqA=","+w2COrzj2RUR1AVRnk7sOAKuGEejfyHBs6VIzvoPW2k=","Kl94f5XFFBSAPbml9mFcf8ygrTv6bwHyrZwPlBNEys4=","8uz/QlXEXU0LfX+cVw8d70JtOMAgdW8No2jadYwCR9s=","5K9WjeGJKMVUIGM4YaexHHB8ZsDNasfSvnbChp/reGU=","2k5/vaOGMtPu8iTwh/O791iHj9G+ST0r82B1QpIVPIA=","767kNR16wbsEdni1bfOot4oO/eXVrcJ7ruKWFUpb3XM=","gN9ctmCCiW9361EF/kzix1w59RmDvV5BIhn3SyIVdBE=","CQcH6GHWHKM3+QaIcOPX7YjeZNpWHxhAyllyiu1iBOY=","SoUtdBSvBV/6BhtfLKiwB4YeDzfFW5mTrQipV/nop+M=","3fAAmLTRuYy5QEIxXb3/VLrbM2luRpbJbYNOaYWC6Rw=","pfchJ5GOHwfrtfVLTkzMu/74WJR8J6392dPKhSQEOfI=","56S2h7AXJbOeXuUL2p5f/N7jO16W7Dnhe6cp2u4kdr8=","4PzLgH6KaQuTG70DnQnEBK/veg3qKg/svEYaY2/opYU=","b+uNSOwbbmp0lBm7oLJZl1+GD+iCPKjcbLVPKu+FSw8=","oJjQEAaTTwUdeMdAyTwMFYgScdCwRpvfD1xLXdgtytw=","vJGc4Tww2fxjpUdnH7e+h/8Wg4ToxvaRaejaW1YHTBQ=","zY+T104s1Ff44wCu0oay2armktwE4jCZH6JwGRqkjJg=","bts65Js836Oi5GT0i/d53BSmu0qILukhnjaVjwMa+6w=","sRTrjIVmq9q3obnyU3K2xSoaOXGv5bHexnA6OS5SWRA=","QzaeqjTPYWr8vdEli8S1uvrfKCbu5VAretfVS6ov9BM=","5h03klsfmodqbJ5q84t5P1c2Kp9NKUh4J3s+fyxkT9c=","OJxFlJ6BTvSERloH+HqbuD1zjqSMSDxgp6EQ5U+zEKw=","jwKvNUY0Rmh2GAE2W4kKvzSwoAJpCOKcwMt9zDkxx9k=","+8uTyH9bi5ga7l2OeqspArbazG8BDr3YR+7gHI5CYwE=","Yv1RPYiZXWCJev3Ai9u19NAxI8aLAGiK+MekudGlSTg=","ytP0yZnacLffdxkUDLo+7NVib3NoD6FtP7MHbAbMg5w=","roi6GcPHlryTGPkViwBRZfANaK/7x8fVBzejkseFhEY=","8GVCoCLmIHWBnLnNr1u/gSYxSR6YgWCcLR9Zd++A+Vk=","UDEkBBNe29MuxumkHexiVrgYnxgdHAKMYyHIb6Wmido=","qVxner9UDmGcAUwFchQ4Y8+m9DEvpmypX/v18I3i+cQ=","Kkoh+7Go7Q9StlZxoWDGehYQbhy0joPCLiL+ioBIyqE=","q0/SBAY4d6GOP2ortwkmFCa5NOqs5Po88PupEaOLKRQ=","65U64xkDLCewQUlYSIcPX/WNY14dYZ2YmZz2nfmZETs=","EDJ9z/QDWPlBiyfm2kuiiOJgVe795mi/pPoEPAR6ZFY=","MZ8UA8C4kYT1Sa7DjMmQ3NIIX/4E5AHhqooT3Kjm+30=","DfBO1WpNA5NSZ/YvJVVD5cJ39wRpECQf3qQpsz5vt6U=","HC2hgW3sDppLGx0JJvtG4R6sxBZI+wZOP3+WpchKGJA=","h41hqiYzGUd2t7qfPDA5JC6JH6wA6VLvfNz1mxHxWfg=","c6OAAMGPkAWja/ze0xAgchOKmLBnWUdXNrZLsxcQ0PI=","LDwk2U8MjCISOzqzdTEk9om3MO3WZu7NzkG+zlPKKfQ=","KBmsRr/BDWiMJDrJWWZELJHQKojDC1FTmRzhpDyFFx8=","pLYOLyLgWsvGNZ1qB3pDLGrqojNDO0QOpHEzYYrfxsg=","VrvnWuh2AQQ4zPrhRJORBd5zLDenZrv/HTvP3DbL4oU=","yrott7DxoyJptPf18NRFWjbwAuGwe16zdqoDSAtP73o=","yfqLqSFklcE6452j6ZyxsEPrBRchOq/Ifjts7B99kjU=","O9iVaOzFonJXo4WtHoXqDRYcjzCg8l1cUPaBuab1U28=","eEBUvSYXcySDWz2Ob4O0X3QrZofyR8KT6MjT2mv32Ro=","MHXDfLFnTLmOhKLDfgOCBYzC2T08OpzpEvi4lgYKzbg=","cIAyQy2+o9MWcCUTsI/20R7kbN6FgjLIdn3FWAVgBO4=","OuRkpkcRDZx3USW2AyJAr+4of4WG0wgJ9MbfOr2jnHg=","8cwhPsTSussGH/UH0Fo7HeB0g25unxAnqlkTKGOLOtA=","NlAz8ziNfsUZs186raXTs31xZ2emBVyMtGBQXJHRaL0=","YWcTqedLYLoFz5Snn5KSNDnbogbnPxxn2/JccQTSJ8M=","hBO6Y2PI5L72Nm3XFjSRk+QqKahaKjTujYKuugyiOEg=","uUOL1L40Md1hduhYOzFfy7S9eV8Nus2NKOXsztQYdy8=","AqzEq58f9M1JJ8yNVXGgfEuo0JX8aSdP75USwXNRC0k=","LNES2xsl3gFpXm/teKhiSBeESSt7/j9bF79BAgxF8sU=","4xcEuzh19Pn3rQB2F5Rsacy03sIuGBef9b+fH+bjNm8=","vyF5qL5qHV0uMhBTtK3yVoiT2a5QAgVjTuavgtcNh0U=","8r9pLnJR+KGaIVtsLjFhqfPXWJ6bswANgBawlzBwE70=","6AC4u6fiG28yolQN4HETEUat543DPFzAs1EBLOMdHnk=","aIW5jYmEceWh4iByaJdFRSIuNa6ZPapoI1I4eHaGx2g=","x8y+6/0tU5ciBG+l7nSKweOrkOMnSwQj0LzuDEimbyg=","QNNskHn5wBM9mRUg8jB+AKtC7urqKcLqaz3JgrNzAYc=","TBi5S3fhOyrUhnjj2t/VGrG+qfJetEZD+AaqG/ntx9Q=","hp3Bq6foYXfO5SplrRD2IdFWl/xcCe55Y5J25iNrO0E=","rolKxi9y/CYI4OZkj2oBUKMklqy5bdSnZGRfo1obEuQ=","gebGHE3owYAjRW/XbrA7vOMcmBVH/BW8nvP5KseRxT4=","nf4zHt7qb+IkflEB7VWeOuNwogb5oEzPnvkYZeDKfFU=","qnqkurvctyy85q88Lh/cPIAMbyszsFWKpN1/RrQKy6Q=","vau9apTtattR5uKlGSBFoqAV5ltEvkNSyj/6GivOyuA=","1x9EsE0rzmioA6SspZhJg0M4nWWIgCjoxGFGu12vUBo=","DxlCmME0coyZvpts9Nr1R/AB9WwVj0OO0Xw8H7oczRs=","f9S7XoKx0/19ffn9scZmSdhw+uMQiLfbocypxyDccgo=","IGA61GJdLSuRYLV3uxT8cp93/Ajg0dMyO4b28pU6zgc=","k7dOC5MJzLP7mRRgIrAExSttHBpBDwp0rYGCdDfw46I=","2SwWYh6XDT7aaob21TyQGlh+j+6FMK4eXeFcbWQh6Fs=","HDjegv7ILwDVAlqgA/0X+dYS2cy8UdetTRzQOl0b/YU=","ddExFA06Rq2zAHny69zI7Wdj6qK3S+4TyVBUTtAXpdI=","CFV+7lO8432gFV6rWzbqSXwzDFs1iIX/gZGmeuBfG9s=","mThTpTOqfLbRNcAeRNAK4FFEw2uLFhTumlhhyjsYXvE=","WoHTDbpRayDbOBzJwJOrbD5JYPv0lJIfpqxwKRXrpE0=","adv/KYCGMaOgpdq+dOBtSbN5Zy0D/CZnOE1hUwHe9pM=","Xs/i36xHsEqFLPC3u+Jazd9hV8B7Xw167Ij/5nmacJs=","ZImHeeVD+zEA2o9ewtns8XRNqrWVuo2QWs3vdFeFR0s=","VMPUiymiVW6P6NwXWgryIutEQoRwJOy3n4vFc9medq4=","SChqxd25F6YztUJH455ihhKjAFnuaFBQZNlOK8jNuag=","nDtmGe+aJyQ1hHqReOdEPg1mnRJjXHC/1MOCDq+/vKI=","YyU0LPGEcUqY6NcQr/p9bbdKoFAYIF3pqs2IapJm8Kk=","ZgQ+6dXbVEWjlVvxCYqlmF9hDkqqwrxWk5/t4BhePVY=","7ATEIpA6ZXgAmcBH7tafUMxPtSyflI9R7BSIYNFKInE=","0Dk/w/W0r5sGsaNdTQsdnftGHCYkccqXyPTyL6yKmT4=","xdmha73Np4ZCvw+BS/GXGFTKmYUEbVhZDQ0JPWTZAv0=","u/xJHPI5AIoy9N3BLN0HZPVjBVfFQiI4C48tSPDCu54=","Ss25wRqtK1GTqgmpICBeBEBQ8CQZY9FkxFCr3cUG1Lk=","pKr/+6xA0NAS8IWqbcPepGwi/VEgfvlewmMdjtzpPYo=","9mENW8csAXv3qqZwZNiO8Z9ggn93KKpmQcLt8rr3LJM=","Qxyp04Ql8fqlzoiwihOmOytIHRc6/IxULwecMBWpe+k=","+wTwr274qhqnbRL5hJ1EFYZu+SStroS3mwL2i8WKGE8=","pY9OZabngO2bpYrBwNnabnoX0KDSE3lBn3jwnB5VZoU=","2z4SkV74hkK85WVxe+/ntmgYi2oCuJ2x0HtgvNCXTX4=","NYYmZJ7Y+5tR4fqlXMhoQD5IT9ZEfOBHI7lXoVmbFls=","sb/W1caCI3c1OHYb8hLykiJk8G6zGrfIMQqUlgc83YA=","HrfSBrDySVcm1Hg3nynmy/5RFEx89XEOuuJN4gycBPU=","HR5OzTCrFYwEvMxNwMgtxo2+tPGw3akLdhhjy1MxrlA=","m13QfqfCYCXDFTTwxr4rkVSt/1MGPjxVJBHUTjWJRuE=","bUEgk3uzZM3oE8JZWRgXE0c8BFlG0pbT6s6fk7pcwSE=","0OT6sgzwO2f+wB6ZaGDWcPI9AwlJUYuzJOvL902ZcDU=","K0n3BX7/cJJ/ysaWdKsA13QcbpDqtZL0zGTIQPZW8oQ=","G0D7QY9r86vB5nJ+4GYuYH5wW1THFidxv/CMxL1QYzM=","bbznquma2x7NjL74vu59jTgjDPxkKewWJ+MR66ZhJPg=","mukw6OGxylbEu1RX1zqmt/73lQ/WVlAw3ojUgVgb+TU=","+oecYrrK1rnHyw4RJwIHxm666gO1/p8fwdcHrXm7GGE=","UgmhFOaCISptEiz1c0tMRZvMerVLm0ut+CgeXSao83E=","Humbj8CfRhA0dwUXKpqxSuE2P29tEqI1bqfixI68L4o=","pRxKa5IP6/P9gh4DrpM76KCgjSTg5CcX5r+nKwq9gw8=","daUkmpFaBpuUMXXHPl3c71qQnt92HB2G4lcYHx5+yL8=","R2ZNrd6hTnkCO8ZWbwfwBrRVfYJKMMK/nbRbdEnKO0M=","jd8+GZv5sGhlhAnwj5Oj71SRB/cXUMOH15bbnQ57tPo=","6qE1m57Apv23XQVbhmFZyzww+hWMivaP52qBh8pzRWs=","LinGVGE+k4Khk1GIzaVc37gkSUXWhb5ghl2Y6D0JZ0U=","W1Is1ykRFEZsRsMuca5XVUik1LWEBJqzKY+o32CcyPo=","viAgZEZl1wf+7d9UCnTjVqQm2pyWyURyk/LqiQlXf9I=","WKRprZilfsZA7iRvDW2ZriIToRI63IPE+5neHZlHtTo=","O10JG8jseks4matduwRM4GghT7YgUrEIMTJzbXec7wM=","TRt2OwrVsP0yVdvGLOzJCGqOI8yFc7d91ZPzjxo7NeE=","DeeOg7Kx5MQmdaZc0401NwcBys0JY0+y9e1qSGX4DEk=","NnRp4PxgrvRpB5ZetmmjhjTTH29RXOOD1wu9czey4Mc=","eqI68V3EIkrp3XncpZuiXL36Cboah4AohsvtX5aW558=","HlamoTC6uOY2WzBC5hQjqog84C1sGQYvb2qKzefXb3U=","DcrajS8d1Rz8qU1MGLKPA/EGuwY9YtzWxJcN3nqfI0k=","Zr7nv/O2qHMNi8prEnalIWXfC/vtYeMU0E2EfJfzmQw=","/Zp9GnT22EiAa/N1QDaVHg64yul1Ybb5l8XOA/gh6po=","qDzebi/HXohANoTZkKfoG5vdoe237iKrhRetbdCuLkk=","vkpPjD0ihrkrbpzuc2s5iG1DcuFjtK6kqDhNvhJsvNg=","BlxwFdRVdziFdG22XmDDjIU/FQbYq9/gzw7RccJax/I=","VXIQ5hgEtU2og9IPvp/CCFYdEzbcnKSnRl5nmLFXMDw=","ELcxEu3P5Xsz4x3ZRZfNNfmku/Mjkl1S+IbWqGpl3og=","kluKHcqzgooEqEvfnMPqw1LeYemY4rbC1P/c0sKZB24=","ZJpjm5SuuAAAN18OH/y10D0L8u8Tvgw8kTsaX4VDfiA=","4OS1wbRbBcCOYITi+O9/rJHlSHaO/GWETCqwl8hVTps=","AOerf0KbVi5PU9xrjssGm5dXt7dSyzw70Zv3RFg4tE8=","NDKPuXjrQvElH+W9zWnDJDLJ29zpymdweGO1t5h5h2I=","TDBEYim++OhTTazk00Xg7RwlyimGkbYwMaFNev3t0lM=","b7lefNtxDkCkdmGhFVz2f4ncIhPuTTp8MR+rDuRjYzU=","wAsEhx0Y1kokPOY3xJH9Jj6BJZkXGsOLZIeTsENR2pk=","y41cDstZqRdUD/LkjVstEn+otiaY9JehR7eGDLtDrPs=","zLZ6AwdOosYqBNU0kjBfc4crMRb3micHCx7jPjoiIB8=","v2oOmp43w7VBcFE01tIZpf8E0Gsy3exxbpTjpKjVFbw=","buc7T4BRVZ47eDcuYxfv0WUB2NVYpIs3wDUFvk6Z3+E=","pmbrklwp+3ir7oKXFSadcpWrYplZiSPNKHxorZXzxfE=","xm8bmAO/FNG1i89hMaaTPUVjiWKobTTb2CNbWaERR4U=","n23JNAraNMSmt8fO9YnUHys1Mm3DtMnYUEfV6AKFPoM=","cjZfw+e5DOSfLwhNJRpvlMs1o/wBth9Pr8dNJ1NVLW4=","qw1/cifGITjhiLvYpfCYtxCMm7oFaXz/35e/8CbjWk0=","6qeHbTBlBueLU3dRcH1fv2NGp8IwLJmuMS1+tNsxul8=","xLkowRXAcPa8QJTHSpbHWC7NBRxEMAvDmxCi3U/GsQI=","oFS7+NdfhPMpIBNs8XHL0N265p5ApW58U67QFEmBiBw=","Go/kJp3wPjANJHpduULCm0rpBNwy4Vl9VyYrGam8nh8=","aznTltYADvxPXqIlzViXwUO0hCqoNMUniBNUP2m+PNQ=","NWMm3G7UVmuq3jHBeBbvFcCaN/jgAy5RwRySEm5/EUA=","lAUZ5II5ALEhU11MoN+ZDVIC3z3gqSduczboy+EhRN4=","P4p79Bf87660mQgagFWKLIj3aC8gP2yIucwTgx7Hmf8=","w6JlQKEUreyTldr2SBNpF/UioOq0ZyIm5OYyFBlqvWg=","yC1k5rIu9dnOKT4DZxuPVgjJ0PtZMH3xGmC+Xyo47T4=","g0n6RBWCnJJo2KTwCCtji89RHzJisWwWgd7ZgiK+71Q=","zLU4d6EVlK4q9kLOs9TiAmPf+NRusaoUoLsxS71AN/E=","zTVGuRHTRifbE4Ob8c+dmzrImtiV/LyMC50Q4XyDGqc=","x6QyV6MuAzSkiMbnYH3PdphE4pHBCw2t5abU1H2zPyo=","LeVV42LlO3N/art86y3fD2WO8jbYGQzlzdFlvgmdzX8=","sgS6ZJyNv2XwsoH3gWUnDNurScC7BsCNz5C7cnVwYzA=","l3SxBXOjyCODy9RvsvV3Nc5tykP41dpr1AbmKJhSHrU=","c/SVg62JNekTaeQehe4Gpjp1W7DuhzaJZvWfNuTVuGc=","T+j9YmSwqdjqDXV+MVXlxMEwBeHVhcPYQ4I9SO4kkao=","zMyHSvjn3IUc+hbgTL1fQmxZplDjaJlaOg6NT8hh+fc=","m6ucEitfivFfjrIQ8BPwYxsX9LWSW/DxWx1F/tBcQCE=","jbcpPpb1+TltnHF05zPP6fsPyaeeW1vxktILTEoM1Yc=","J7TdYLukoJnZiTf9MHPYD/4Fnm/okqojZOWWclc7leo=","sibbk1tobmhDwS9zTB/OzJkVe97W6lRqRU+Huw/e5rY=","uUiY5OUw+5dN40OoXVa2t1pAD1uZoRRkCqoBCEOF60o=","nYdfGCOtZUw6IIlQk4TzDyCT5Esmb2dETAr1ardVG6U=","TPpNajHYyYm3ygh7DL/Wn/IrLOUWH1Elfr7N/w+q0cQ=","QaQ4EjMz0wyuTS0P5BdKTe+mK7rJleBZMXiy+lZbd9M=","JGPmUa6YwoEkKDGsBmAbnL5AYoNJiVdO45xNTMXv62w=","SHrjSMt1DnI4i6m6VZ6AsCsMhZTa6eT4UZ+4sg6f1BA=","hwecNMqsPrfRKvH/LI11WjzhHCkZ4/rVEM7LpN1G2po=","Y9+vKryH0Ro4swae0NDPdRMug+/tHAln9/zLYuCkQUM=","UAoOBSI9g8xp3U9ZYicdU83oqXkjSEBhyOBkWYPUnps=","NDpbg/3PDrNblkMyW/v7DOav/NEPAa/JGVlvK+kHYtY=","dxw/Cv0RBD6uclGU9cDC/3P7VGx71PAcns9sWedusuE=","gZjzmUW7xUCjRzAclUzYwwSS0yyVWpvyqno00cR0RO4=","K2WbdrKhdbejwqgj4oQ0GYAwnqFUjck3fU8TYCG2FII=","izweY5W30xJzLMkUoyTM3HZT/lm2/DDOT1+G2xIsV0E=","PDEz6jSIjnBrP2mqk5V1VojziwP01WPoCHlux1y6I+k=","SwNgGnV1tA5Z5tu+stfY0Bh9rSmVlk8bLNu0RTc8rXw=","tn9UOyzx+9zFsQLPI9XAONGOppUz1Ek5/yzmsI3Sh2Y=","J2hYE7XgE+J82j+3oQ5PO7SFFtbatUcgMOjxJjz/DoA=","ISAHT5UHkvVcDexMcv4OOZDC341tWLLYWGUbwMKEr9I=","anBf/TLY0Z3bq4iDTLlzPxaKGpQVyjQM9Pi+kKL1fQE=","RXALB49O7sVD+BzjRiMTe8Ti6+20B1ngysXEmyR2430=","OAJR5eynfUFsTr83kICW8deAqWke+YTaCYcQ6DdOswc=","vi5wZX075lni4cL2WoW6k0JnXByLnOXqHTJfjHFoXi8=","28vg/faWYIK5fw7ZuZmfD6QmPSpHoZncsa4yIoK+tXs=","z523FUUmzr8v6z5uVny/Yycv3i59XNfIjhh2xBdWU7g=","AtthwUBBLD/Tym8KLBSTBhYTO2vfxMUXd1/pHNNutuo=","TTFTrm4Ru3RMB1RBKTexohAjGjioY9KSy8wZHfxeuMI=","wA8QsYxRiZSDDDg/LIRdifCB2/nYBRba16IRlw0QsIg=","Oqoiog4pT5a6glJ4/8/mMYmYGUIRtm/HLklgCUQ50Rg=","+P/1t0Eeec1e6rqkgePuhRIxiOEEt9K+Dowat25jLwg=","OEzgZ1zyvyppT9mTdO5wATzCJ/Ln0KDhcRh/YDAXdvM=","YTPRoui2qtnjIUeiOObtHOmhXn1ypAMyMBmnMPlooT8=","ffLYzE+2B0LD8fU1YPjxhnbVrEadDjWCslnNVM9SA4Y=","ZQJXwkYDIbvZYPlCOBVeB6ut1NPNg2WDP8PEO+pliyk=","S5ONO+w0GfiO5RDM8N6zPGtVKwpU9qd60DHnNosGUxI=","T0UTpfIVIsbSMhUrQCP84zWJxtJ1UnC+SrmWzF+Evyc=","Nn+4wOn/3+15pwI3x5HybSuZ0z7+sgHe7OqJMYO7oIM=","A+nkf7FhWW/FdYbdb0BQiFofIRY3anUDkAj+5JbObIM=","s1Y5fdWxSl1tkk4+EFF2Rb+yurWBNmBOhMcJbZF+dJA=","zVFOn97Q/h73ativx+CDATyv+oecjfTBdp23NFyeUHk=","dbIJvTpPOXITsehyaYPclmPrYtB7itP38e69mQN4kOQ=","b89kOwq1bBOgvIf2Eg6Dx0pf3VFjyun5fW+h1xTWKso=","JKhWiLD0/wni7UKaDbtCXNY10fTVAiEgKncdAs2OClo=","79HNama93PH3nYGN6FKbX1dBnAClboij1dklDhalmH4=","P49pumOXbHE7THznamBGVjEtG0MLecA+BQZbU2dhbds=","QE50VnNQwZ2JItd5KkpxpsXNIp005AWmIwmfWeMImtk=","2Gjn02OSnV7nWxxHMSdwbo8wL7Q2C7pC46IsqkVn0EA=","nmHMQOI302r2yXQ5SzKqagEB46XPt7sljvikrAGVwFE=","ggKTotUnyRc3iPR2WrIbVCGcVl8aygnxULlseNSk0Fc=","h6zKIItTDELz1XfQ5dpqhRuV0j1XaLQtoA2cyJ03Ej8=","HpDAMsaM7ZiK/l4v0NdHdXT+KQX1HLR9VqjzgmJDlkU=","ozI4gE6u5uQ7DA2fWy1Ab7ydzSZsaurINMXMOMy6E+4=","ck0MFLAlgOlB43/OpBqnUXQGHCt7iYWo4HQILgrVEGo=","NLJJLGfhphTA9b3oVvKHqPBKvaNz4d7tt+VV/uz48pk=","PiIF1GGlW1K94ZPbPNZRlzhkZwywrobIsY75tXpek6Q=","c2Sovvy/zDDPmH1v9tJTA8o+/ZlJGlV0oO4TktSH/l4=","Dc9qbNUsmapJ8QLzn0HDTu++Kq7RjHOUCoZ3cATH22I=","uvqoPR1BKE+2WzQp8+1fR3PsV3eGbhSqynGqxkru2EI=","kXNSxzo1bFc/kCFfoc3MJ/iIhKXI+baHPt8kHaghel0=","UxLHJBAwBf958wOVhMlC3FCd6K17MBSs5xCy20TzfV4=","4l+6U45JhUKNwW8l5IjQv00Lsnt6DVSjys0tEpupN6w=","zLgiGz/o0G71Jy4pr942XUfM0jQAGA8H/8Pa2KRBULs=","0acs9eZ8yW0a5LaD8DcjN81OCfdRMb2QHS+sfbZcjlg=","P3sUaaRj2WLln5K0271YTSIXY+6MiscuDMbS94aGvBU=","Pk9w0lfjLdsJNtdx7KCW2mCDJzsq5BXytQ7BYleQoj0=","Xisgl84eR97cebuHGYbXGwI/DeehG/P5i0akcLvTc30=","DuL6bPOdhX5fwBQasSyZEXmJ/3V71qfaChGVqMXGrYM=","cTai164I7EUWVbXUMhg1gydWbHSmYWABkEZLQpSq3R0=","uyiDeOJsAlaZI2nNzyzkxk3YXjwE2+uJr+BGdUFdZbk=","VCK/bzvbtiYhsxzuqDSXYxsC9EGn24681NgTKAvnXT0=","KrKzvxhf8ETw4S2FWWx8JiG5Ts0uh4O8fl9MvH/ONCU=","QqkUzhNJaEEdMhOf5fT6OsvaSQb2WVlD0WmZbuWd9FA=","wRuhFagFtKnjzW9TVvjeGMRu+09oWRwEmOgG/He5j7Y=","GM6wGk9X6U74b3oPKgLP2uYIxTrrssL4xhRaBWTuhB0=","6V1k9xIl9tJOegvz4K6c+Ogu8WFt82W3tUansT7BYpE=","aFAjADVcu/EE6cWYG8Kq6w3p5SPlBbwqu1/fOhK/j4Y=","tgSQ3GbGw22ABua34T2BQfsMMtK0xd+2hufT4Ue3fCA=","m6sUSGgpwIxS5igKf/tfivTzC01o0ziDjqUetNx/I+s=","rb/4k/BdZ2plznxrVmYyUVEWaLcpba4JJnWNz2zixPg=","pyjq7pBbWiM9xrBgHrEfG+MYmkQyXh4vJTDF0PetOJ4=","08GYfI5sMD+SMPyBAJd/aCG5C+v4PfWa2DkUNASl1p4=","g+8FQR7ztD66yljP50dF8hrbApxiHMMi/Cv7y51EN4o=","QdZm5CTfH7qWLX2AWrMrJ29xWDL0BI6aSXikF4CZTXY=","jQmdLURB5Jn0gqTsYn4b8zSkovivy/0C7shFEUmhiIE=","edOIrI/8Bjei5YPS6fnQQitFxP5Z4UkGsQysN7U+h4c=","JzkjTFMt+MJZcShD1j+eW+lPRNB6mhvkc5ooLpnke30=","pwgflAWnJuw6RevMrp6QPuynIMW/6E9HckL0C85iJuY=","bXORwXC175HDLiGbvgeqZv4tZ+hlok43+l246oh56Aw=","PCrOyIorKksrxPQm6pYOCMUQNZ36jzV6bPUwpQGA6NI=","KYh1GowreWvfDEO14HRZHUgerH+63hoigYPKg4ZrcH8=","gVQ4e3bZ2ElwwZr4EUXCM9xy0H3H5hYw41XRTt/6taE=","Aiz5ULzaTurVhrTfBm9amUTYQ3SsZ4JTdRj/zPDAFoU=","nutZjOleTXgbyQKmkhMixS27rz3qEx0c2ay4tiboUF4=","DEEnPdreyNHDh8oMQgkfKPFFmqp6C8SIdG9RsOuHzmM=","C9e2K8f+oYMthgal2Va3/d28vimHEJgkvKl+b6oIlE0=","qX/4hhoySqadJ0dlVi18FdjwmqOWWX5mhIcgsEDhZoQ=","8TrT3lD4j0QkiwdxJSpcWL7huKx/AIRs+WQxE8YwX+Y=","HISvjoEI5yRJe4fKW+1DsXeORWPpYsIChR3soR+Ug7Y=","1dj3By7I7ZLOxQM2UyPLHGkERHlNI4i4/R2M1BfcrI4=","POcB0mZuwFCjz1exgvr5Er+VjdD0aNfaZ+hF/YDMF0Q=","GQUbZ844pK3xwQz5Ev/4kk39dI4lZ+shajE+RIvu1wY=","zSRY9R0R6chcAGGJQJBEPCuFywkS3KxKCeIy0Y48vfY=","yIrJKitv3ZhprYYOXSColXtiRuDDUyR7uJryuCdfgAk=","o81fD9GaSmJmhiggDm7wHYj8kW9I7JR9ic+Xqbkl+4k=","fcspgUA2sU92kDi6B3tn6GElNvnHj89R36n75Lox8cg=","RWZjdmqu2i2p8njJSVmIdGm4cVUxb356UA27ThkKXcM=","Ky+tz7Hoe21mNPpHFJBmKMD26tk169W5SxhYDC5ZMIA=","gTUpZczkIgtsJ9Tw7ZbCcgFlpIBAbiM6fz3Zscp16tY=","BmucVEq3/18xgNgDu1jc3jw9SALu/SRnVR8CD0s15EI=","Ym3QZrdN+pY0zJzQh7R1IgaAwwZkuI2D/q2U3WWyjp8=","xjTUs2AvFmBixMfuoHIJCcMWOnuWnV6tVxq+wzjZHkE=","2OtvYfSIi6EilaB4e9r5nnGb1GHSPY0FFvRgxD+u748=","QRqKau0BuVww+YTROn6csJCiYt2z+K0ieyeoVEivloQ=","r1tBPQ63niqpHHNAaHo+vSF9luPEdwQXRpJxUgxN+rU=","bXb9+yhjxKV5s0j7mBpuxnKdh3Ye48LSbnyCmhIzjus=","s1Lkmx09t7w/ZYsiZH2FY2yrR7Y9oudaqUDoO8axvpY=","bniCHZrnlq5Xs/E353F2X7JEn+zi5KssJXMujaa5cqE=","ZSMSNT+qbP3cYum/00QoNJn3Lksm0vVnC3uvnC2iaBQ=","b0obL7wMKLOVSk9ZVDMz++VsP+1L6t9Llv6i7bDlpyA=","K9+jbCeGvFKWpdjFtZ21qKy9l+YZceYJTX7YFTyIBcM=","VN+u7RFeVZuM0NrwK2aGTvFa6Kqt3FkoVjg/Scqg9g0=","LdD7zOlDgGR8V4lR58IZxDwa+vYDq9abrqlPe7qBkPk=","K8c2SmRCtituKP8wJQ29RfGGRThufob4Dz7q0gE6TFE=","4KGCQVVGQU667ZIEyr0/P3C+8gHPGgNVeNA2WmCwxH4=","WqNHg8i9YnDzRwmc2Id7DqBq2UbCN8iJg860rgQ/wck=","/UGutLiTqbiWSuwy3NQEd+GHjCNLUrGXmVJ2kLcaw8I=","6duC0WhiqTLmItnz5Mdukf4/Ggdx9noXHi4u5vbqB+4=","m7ohfLewymlTbJ9EoluMQyCxN7/SHVbYh9RzN3Gxays=","Hq5BTAaHgkPcdOdlGZxqP9b8j+P1UVgzf6ypEVEQ79A=","sbAZEyayxzSR5tw4U8pBjnLpgLvKVWeCBlEC1qU9D8w=","6zTKH3E+gIGQHqErIzNuRXFmpxTioenRA2xnTydybtI=","iQIIPyZGl8wun36exOT/mcWx79iVWaom2MDK+TbpXEk=","3PbTAHSm2fh3wKChN/3fT6p34M92G0fcz4u5nnG9Hfo=","qXLQASEpZz+j0k+QCObhEECikT6tWngeobvqljkXIgQ=","85rPy+zhQbUEsQQiFf/XLufTjjS4nDHpPLiwvrJ5OoE=","6bf661qol9ElkqQUUUbPYemTxOD1biAnmXYD1QYg0fE=","3CMHnqxfytaIaVYqZs/DdMfNVmSuD5XjAMoYUW/lGII=","DvIk5AFMW8dOkcredxtTusVWpeKUJOWojCY9e73hBnY=","Ie2lSMP9DAVH7w4vOSRiC95VGmRl39sfynIxVqo27r4=","3ijHl70HPurCB0M+68LeBX6tM0jPz/gvrD43CLDrCyU=","eEWQ7cM03KOcObS1RmxXconxGtntfK/OmojFmtBsZ+4=","gD1gcATONHNm4lIM/+d1XI4oc3X9LwSswKt0oyCc6JA=","RnTaK73GgoKD4di49nNCWmbiKXwiI6cVxd+3fSuGo1s=","4wp5skYPnHnGaracZKKf5iCrNfn06POSmG1QBtBwN68=","PvD56/kQfyaCeetyE7VkZhp/6iAgGhmo2cnHloYpCho=","7BlCGZJP571izThlYb+HnPccYMd6THwPsfJKPyDUmMs="],"block_size":4096,"path":"background.js"},{"block_hashes":["8p+05cyPTW5nAbU8y2AGRN7Vy4Zi7z3NhShsQ/4+juE="],"block_size":4096,"path":"common.js"},{"block_hashes":["G3RWu4DF99OFCqZJ+DQOPcCUAKm6IzaQIMT/9Jqjbbs="],"block_size":4096,"path":"composer.html"},{"block_hashes":["Xcc4er9r870vO7QRdpnHhix9FczctvpDvHsZRKqfdWY=","ty7XOej9CPBLxNqbbPfdVekkZIG1WbFbvZyT6tX8Npg="],"block_size":4096,"path":"composer.js"},{"block_hashes":["5jGzead6Q4+ZJpISCRUKaza8/SRbbnw8D0i/WsUEtBA=","xNCTmzlifWhmFL83jZs//O+OnekfTasXOIBB2of1sJ8=","pqtBmaQPY/9G3wtkmiUT+HkZKOkEz22LoFfvdMeaVZM=","k+T2IH2oK//lgvZP5jCEWnPqP9i1P+Fw66YYNel4jQk=","fV26ADwLok1+il6LzIxgVIAu8eipFndlvvs0eHiOWcE=","Ji3WrZtFa3/Kq2amKewLDWLRFG88bTCGVbPIw7m4eAQ="],"block_size":4096,"path":"composer.postload.js"},{"block_hashes":["cK7fjjm566JzIHswDkGHjNghCFUJJ5NiFC/HJt3RHt8="],"block_size":4096,"path":"data/locales.json"},{"block_hashes":["DD3HGTW4R8N99bMkXI3KV7l+DPJd3oyf0wDt6BP1YDI=","rG+fck3eGkMS0CvnD85Xiy/7TxOEjzwo+QG5EDHi9zk=","8PxAjpADOy8xqaBG6Rb9el8WaoXJS7iyV60HZTpBnwY=","ZLd0OW/ZvRp7qcD+mW7Nk2BI55cujekSjM16XCwbQlw=","Oy2NF96UPQHl1nDV3rS4XMLzIFqSi8vszLXqC2LPwIA=","dfmXXd3x7jjcfptkMir5Stpdw7cvarcEoVWtLi4K+H8=","jo9Tqml/wq6YC52BQ8+l4BYXCg1yBEFdE5+x9GUMrZU=","FWGu7cuRmwWhFUx2lGizgTMJxOCrFruJ/JB7m52zWxY=","uiGZQkLSPD+z2BRBeh95p5/xpFMZostZr9azBWlE5IU=","0UAOqJOaYJ2qzKvxbPyMZj3UqB6dogcwoE2xEEt443I=","JKVxVE+N6vk5/CevgEf++9dU/97fNnVKczrqLjNP5DY=","+iDCGA4vdrU4qAIMQ8lP+NG0X1qTE2DKVU11mES7PZ8=","n7j58ahT8zh0XQMarJ3xOoTtMK8pfEmUfpACoOQosWk=","RznNx23Q0UO2GiFhCHbgtssvHQx/OLqbG4OBlLbNj+Q=","1ZQ00mzVPRUntZ3rqiCmkKhDd9u0GysU504D4jZBljw=","eBLoi3ubB9yFqgKWKQvXH7Zy480ZGc31AGE6N4F7k0U=","iJ3g+88uSpaEZOpzNymNrkPjQYrgf5ITkBL+eQvWUuc=","z48G3j/3v0dSV+4EhPC+u9Qwl1ubxQrPNAUbM36cjQY=","0QpzlY53ancITS8jdLyGz4t5SDptKiy2Kcflx2JmFAc=","AukGoupbr2TewNaS364cKRQh3xZlPeTkY6D72uDGKBg=","mlhYpBTSKwX1dBqy3zxeofV1R0WV3drMGupDj1KaRu0=","1A5WO+44BWiSHTg46HNmQsJAvuUagsPFgdvd8PLE3Wk=","4Sqx0HYRBu9unZiUCB7kO4VCPc9R40xlE8LG+/K8d3I=","nhqaAkEEq0lHYNGAqH+cAepxtGU+SBbkQij3E2WTjrE=","Spp63QGB6Xub6XLugK7gwfHGRkOkoUj05Agj7W7FdTM=","I3+RLZdSXh/um+O3HC25eMXlSdXuLVMwdgELfKOSzIU=","DdOUqTcR2PpiefONHYgrCTm3AP1dbD14tsCPpdFfY98=","k29EsWkXSxj4NAkSrXi/901QDVuV8aEbKP8O/QggHmw=","jgyr+Y+8woN5oM1JkQvUdcHzRNlb/U7uobmmhsq3T7U=","3Dvprin4O7YM+yqDP7DOs0eIVlLtf1zo/A04mFWhYY0=","8+Uw3VU86fnD/m8o2az0HrVwIzk1cwyl7nCRPrinjbY=","+LKe4APloM3oehKXC9msGcalPdibl4OQ95DwIpHrP4E=","ELeR5TPLN0Sjc67Pqp9lWcqwrTQUTg8akesCX657sC0=","kItlU7Tuk2NPcrxvdOlaifdG+qsV2nflU430OXxP+Vw=","bK8xLT79aVqtuZGIiBVrQYA4dkzugtvg9x/HPUgj8Ow=","R5qJznFCVsem+opsbhiAn8QZfTQX/Rozcpfv7f0f1p0=","xgtqbJ5LigY9mmNGyc8c+b9MD/A4lCBSt9Aosw6TS0s=","JKtCiTiHKqXFs4MhYFrzz3lfaXZB3VlLH1Cy+/ZENLw=","5XEIq1weegu3ClF/RyYkLozV6mkmoA4KYXnO+sif33Q=","oV6LrHA4+EtqhurM6R8mwjygXySlN1N5axNpdf2Pg6M=","P3H/bQQF7SARMVWTcDPbSpvYFNTWRHy2whiS+SY0bPE=","pYsU2rVZIzlRuFPjEX2hWoLgxa91VLV4nh8THNUXsBM=","rUhW8k1QvugzBt1VHOIVRuc5Ub53gyJbGDxNrHQTJzg=","npjDXIqPOtLfqAFu160BDZcK2zqtz1WqSrSX0NORWzA=","oQwKZ9pDrXDDYb+4rtMAry9RTfwhUxUmBlZS5uqc0K4=","j3cauoOdXx8p1DZbimkaSfup6C0/RfC2cSpvfxY8bBc=","FzwLCeiWsm8zacfQMwpIbyfnPwKwYI6efB5+28+0xHo=","Dfv/qFPX2w4wQDQiwIEhBtfo2EzdmysFMyLx6VVWqmY=","NaXBfoOWJ+a3XUPGpdfHM/FxXUwQWdUseDq3DCX7hP4=","A/H2gWQSjpqMVJ/ZobQwTKijMn9gei0BJ0nvhln3rno=","0CfEigstoINwtwq5CRJ3wLYDdq/KyxblXbxXk6Lk97Y=","JRZWskWMXymoKNZ5xNQqPZPDf56SS8ZjI52TXCuyeBA=","HdRplIadkHZdYM6DnoUUNlMi0lFOtuCFYKfoE4Ffjc4=","aw/+KokEh0WOwSidmQbREoO/m7BOMKx+Sk6oM+EYwNg=","tWTMNqaQuWev0lJ593F4aEtnH1tQouSeaMA+/86Sj/E="],"block_size":4096,"path":"data/mlHideIfGraphMatches/group1-shard1of1.dat"},{"block_hashes":["afGV68sBTDbPYGj3M8NK2bGl05X6pDxsNFPO7ldglLs=","K4/vGZXg1YyCARECE2KheB8Oy5G4vL4BvNcERnz+abM=","FKIzNCj4GRdPf6T/Hq8LPu3RMpGsyDqKiGAn+3ScTUY=","ibH4dVATk5wEkmzXcxpcGyuOmIjLH5qtst9GNb7YPU4=","nldMSgqOYHml2CMFh6QXuKRlBTqldPSTMAW5gurpaXo=","o1Z8+nSkWLdR/3+FBoHNTkF06jCWdoZrZwyChRwcGWU=","kW0JNp2MOuCnc5xHJrlSEFXtC/fM3ioJ0lvnlbbLfFU=","53e+J2qvnccN/WxFROwTJBkYM+iua+SJFc/ivlAxJBA="],"block_size":4096,"path":"data/mlHideIfGraphMatches/model.json"},{"block_hashes":["fqKsPKGtpTvMIQG2A36icfeOtrbRg68M+0YNlOBr1Bg="],"block_size":4096,"path":"data/updates.json"},{"block_hashes":["v4Da8EGQO20lzJOkWyHUC5oTKD01958IrnFuzf7GvZQ="],"block_size":4096,"path":"day1.html"},{"block_hashes":["tCVrIqde0gzglMuDEMuSKMqAjQDstaTBUgY2UV6HaZc=","xG6y2CCgaa954MMYL7zTPPJzj0dsZCT6vq0qBCiLKJA=","Qa5syy61LATy1zQG/jNwULNrJkLxb07NmASpVm84F4Q="],"block_size":4096,"path":"day1.js"},{"block_hashes":["S38TJjntid8MxyUkkbXJasVCKnhF8pAOVPWXdKRd1Rc=","fnFa18LpT60RX2MKGygGCOWRe539jNq7oRbwsY5wfxA=","UDkgU57SlqbsUYECTnnRV7vanHeT7KC/rjRb3imZ2HI=","qAs1MJnHUI092ScePRzOgJETvMGHbSP708zoVCdG6N4=","mNwaR7wsaGFlZfqJsGpYtCEVwD+deDPRCzmoXY9uGYs=","6reMCAlKWMEUlts2MCeT8iKt2aobC4xcS9s7saIpqfc="],"block_size":4096,"path":"desktop-options.html"},{"block_hashes":["K0YM1/mNukDuw+ZPYaW1LAvBLXovWQXE4egLruyujbk=","yPQtm36M4UXcY8eppzGBLkFVoicgDmAtbCJlEuA+YEI=","DAiOIrSKoaUnEfFI9SqNR55NfyZPL72Cen+Douz+I8s=","QzG6s/V3vxCZiQ9qnXeYdhgJIA/cHL4fzcO1vlucHoA=","b+NERAIWVa0ntXjmtgNe3rijGP6jOVbFLZcBYwH3Mac=","q+VCJnyhQAOXfGtbYLsK0fnCPMmMMLOZ2aSKqolDVA0=","UZt+vhHYfP6QOUVZBCTK3tqt0QK37I4+wuegpzkEGK4=","6y1kquryyQHpJhzA/XFuO8PRWcl4PM4jiyWK2+/spNU=","UgWWNlM2Ajgz7rf47j33/Yr3yFE9N+2S0GjXL86aXAY=","XXRux87kfMBK5yAxa7JvWm9/vpEQjI2k02f9gMcu9f0=","0TzW4DtJJOIYS/rNV/96h1silhGnY89QQ9uXxeU2/tU=","N1fMcvwnoqL63B3mlQh+0xSOpIPFqJjeaK9C0T7yTKw=","qdj8VPvG2hTN1OMtnCNb/PmUguYatUxh6K9UVH4FFIE=","FQ9PXQctx/OTrL24xp/Ac6vmAPpUSDMo/ZA8tACGB8Q=","B8MfaROKcImQ4CSVQ9cf85jkBlAvE5p08mFU4EAUenE=","dPc575OVIHMI4vH74OA2JE1LiusGCcD2PQnCppiL0qI=","w2vTKdDAA5P3okGkxPvvsaYtx66m9nl27lMxiJQBW5A=","BR7+CDt0dCwDozOYf2oEyMtQw3aoxtMEnMJ+AJ2sYx0=","6//NVcFnaxfD1w9bkae1j1hsALw6Kst9Wb7MqfBaf18=","N/jWGNkbFbJXnoJbeW4mddeLM9n5/3NfUILgWr1G9ck=","lCcaeVfrCh8lZgc6in9qn3lVABuhkQxJtQMENGwkFmw=","+7jRc5KbqmvslizhCqDjAGYCVXbMDV5zkwzsYbEHNyM=","fZYRHASU8LpnyFuYXiwbhFzbNLP6UL1rdR/z8rZNCyM=","0wkjyI3TWWN6iPf2kMl/RM96BE6+lNliekHomygTrZA=","2BCwfQ9rew8m4z11Wg5Z2wMjFcj3V2WNNslZbBlMwEo=","W8Si/S100mRDsFV7HeGfpolmvlI5VW4AjzobBxTBkWM=","oISZ7ZsCmunbMT/SodHgYMTHHuZhHvsVFIIkMTYucsc=","VEPqh1cnPDI6wZwHevYJ7vWIr8Rt4ox/sWJ39ZOjN/0=","EUpeVXYtYXmL9ab/Q0shuql+lpfCYvC48tMzlojGj34=","TWHFVwCZ9EZ9iM6syrkuyRZMJ2xWET/Uqm+9nZwUO7A=","JDnWtRAGslUm14V6FRs/iD7RRHO13hkzmug7OQJR+WA=","FEYqETCFpP+eFBTPauuVkfWThp08VC2hIbUlQqTIC0I=","wjIuvEfyXlNokzu3Fe/6Yydu5PfVPYK/3a0ZA7LS6rA=","n0P8nF7wssqT37SU7FxNKoVuDFjbFJ8NiDo7H4PB0K4=","TSczTfDlElTxbFChC+TUYWVT0oK5y6BASstDa2QINLw=","Mb7hyZhgCE5W5rM6jZrDn5WWWatE0wTvCJGgFIvo2V8=","MG03vFJ5iibBaqYGtlbY7+0PrMM7WNGDxLsdEnoMw/E=","a4RCtl7TG/fz/UIzajMQTXtsn5j2BVJHV4kATmxktJs=","lG/zkmC43GL+w6hLkK+Eqd3adk17bWsDAkjXOqfxnJg=","uyUd27ZHZ85rWXGkAO85VXuhxVhfstG/36hBQjMCh+c=","yXasDIvcjT2xlFeBLNSxhfJj+/gh471wY1dGpxv1xIg=","Igv0t6IY+6ZH4X9KTCJKk6beJiM3YuGfVXTNfAZCn3I=","KW5nRWDbT32qVcHIfUBvpygMEFo6lT5iD0cZCgROTUc=","gBVNmKNXTaQfy1SLDJh2YKW9jPzAdhNKe132ifDzyRI=","1S1A3XlD7J4WC7I7ilmGrr+4l8q5PTfhKQ8GzRpQ8BY=","AKQzlVUV+sEeFFQL3Df1StCpN/hWw+DuvkqObmnWVZs=","fonuL75WDudluY8zcJJjw2ZT69VyQU+L/NsT2YWIUvI=","BZofga84sttCjCwbvpjDJUS0begG0DQwF59xuusBBqA=","f4OCtjjUs/uKZ9T/KoU0KbC+lRrmhI2YmnxNNCPYCP4=","IVsKmS4PbYgXHf7dH7ceyJsVxJVqZuNZY3/MHgwXHNs=","kteNcqxx2IZx4eWccPrBWr40vejeE2OApy4u/eFUtrE=","I5mwtxfFYVGH2kZa8rkFv+uib7UTHxsMXXpLJoHtqZM=","AbEqBsh3X1GCGofCPY5gA+sHj4fm6bwKeBloBbJQoVQ=","ypTuSTpzBJ1+wFidHaNUzxvE6BAx6glfX/FUS6vmsJM=","agLSj5+grsAL0ryDuzdGMtpMIJTpTnGTZoJ1m1GPwP4=","BfEUyvZMZ4EVBiLzO+YptVqJrHVAtYJbGE5ABZ/ry/Y=","MbDZGZ+bo90Z+E7KVdy7SIfin+64O3HzHOf0eTDzSlY=","ZTFK+zHVtcZUpriKtmkd/Cly/CkckzzPRclqHN+xB/4=","ra7wEuUcycCpp1tkrn61JhP+90RCoXH3wPSu/9OPk50=","Qk4Yjlomak87V8B3rcNUc1DwXJEV1ruftAl1ZjO3c/U=","v06On2JsnDgREgMB/jiJIASHNPGBG6nqoXV+F83DDIo="],"block_size":4096,"path":"desktop-options.js"},{"block_hashes":["bmIHRz20Qj1R5AqgWv6hEH38Wo42U+JPSmEsx2FNNDw="],"block_size":4096,"path":"devtools-panel.html"},{"block_hashes":["gKwjB9/zFvqgPk3/HNsEpRSXcFdiyf/cxBNwAMii5Os=","1jbp/of4DJGfFPVrFpHAP9YDDQ2QQLOyHssSWot+b5g=","g6Nd19gr3cld2zPguXyDDI5y0HeyascApui1B5U47N8="],"block_size":4096,"path":"devtools-panel.js"},{"block_hashes":["thpjQhw+kHHAwM14aS2L+QGTqyuSXJzklBdLTAeLUgI="],"block_size":4096,"path":"devtools.html"},{"block_hashes":["aPaCRoGnmaiZmY4C7KNdzgdzf1gono0s6+VWTkbDv6E="],"block_size":4096,"path":"devtools.js"},{"block_hashes":["RWqPloWCswM9BUyvgTb80337URCm9GYhAiXA479WwNc=","aklpnzvZZ7fFXGjrKpJK+EOr9zg+eewjEjV2ABKebxA=","T6+e2U5RxwZGWRpm2ELOOeRpeUNqHL8Y39ooKAmIa68=","k/2Se0p+TTGye3+u3nAy2mlrFU2fJlZEI3qD2INT2cM="],"block_size":4096,"path":"ext/background.js"},{"block_hashes":["DADqTHpnMxA2MutbT5DLrkpYIrwRpsNIpNniZJgOw8M="],"block_size":4096,"path":"ext/common.js"},{"block_hashes":["JrGBVDkiK2UCMp1TBc7zcau1VbYjKn+T+YtAvB8BNzM="],"block_size":4096,"path":"ext/content.js"},{"block_hashes":["d1Q0rILct8f4XgFPcaN81QABgizT7SZYNHANdzFG7p4="],"block_size":4096,"path":"ext/devtools.js"},{"block_hashes":["64xeJMNO4e2f9Ym5DT5FECgLNospgahQ0jY3MyUurkQ=","NaS3uSg3CVSYkXLScOgKdnIPF25t0qj0V0ZmLeihlG8="],"block_size":4096,"path":"first-run.html"},{"block_hashes":["zu/SWOBxgYAT1rJ5UgAODGVSj+mJ4CNadN3sWBOfqZw=","mM/Rp9eipBIitIHOstrumV01u7n55C8yfQbwJ8VZbuM="],"block_size":4096,"path":"first-run.js"},{"block_hashes":["HKDH8YDmUW/WNUQxolf8p8QJxUeKud6Bm/29lVxSmFk=","QA4TFBndzNaynoUbUBNV68gliCQT/fj32MUB1AFxHfU="],"block_size":4096,"path":"i18n.js"},{"block_hashes":["J5BJqUKZUvqpssMEaTbA1i3UqJ5cyCuCBsIPnwi+k5Q="],"block_size":4096,"path":"icons/abp-16-allowlisted.png"},{"block_hashes":["HdNnsOsK5udVICvwi2/DOBSxzEqYTyglRMMDanJFQ8I="],"block_size":4096,"path":"icons/abp-16-notification.png"},{"block_hashes":["wssNOSRbYJV/ErLkCfAwEGAsTsKE9I+BdXDncY68CRA="],"block_size":4096,"path":"icons/abp-20-allowlisted.png"},{"block_hashes":["dvnXYTSvn0pr3Z2PWz1bNWJ/Dqcojyx3Ypuknpdh2zM="],"block_size":4096,"path":"icons/abp-20-notification.png"},{"block_hashes":["KHn9ZSUDrBJ1vR1gODnDCVeUdtNIc0PmEq6O6WE2wr0="],"block_size":4096,"path":"icons/abp-32-allowlisted.png"},{"block_hashes":["qg10MqvwHRSfboublaUVIUNHYFR5EZp/4XBC75jZW94="],"block_size":4096,"path":"icons/abp-32-notification.png"},{"block_hashes":["fDDchArPegCZy9ai5UqibyPyT7M/vLOXxtbMyH/Ya2k="],"block_size":4096,"path":"icons/abp-40-allowlisted.png"},{"block_hashes":["uEaHMMdKMtCnD8iqrfZnbleZgQ/uv+lNeJUdSzG+/Rc="],"block_size":4096,"path":"icons/abp-40-notification.png"},{"block_hashes":["mw4nhhl7QQ3DLN7CPBSV/oEDPGhTMQX1tTvepinlq5k=","83lP/rSZx9Ncfi9AmrYoagz9KGqquIEOpRgC5wTIkcU=","eGehKmD8i0UmiJZoSgJATyo5+9pGJl1v2ZHf4VRr05Y=","Lfg2NgPtz9pIhfyF3zN+PuoIC6QQTXZvusNmfx7atKc=","olwsMmlsB84MsTp/XB57chLeKjwwnyH7byuJCc4YMdk=","t2aCIetm0hhh0qIk1qix3VvMZHEEp4+I2FBj7H+Z3LA=","vM3d16hyhmUiqmIFJ4F/CqhXihrT2GQjamGMwYvnGd0=","yJIvAlY/nUdZsONL+MWsbife1Uk3Y3/91Gyant+8OR4=","bIduvyzUdRHANChhpT64IaQnh/RWPhm4cOjW0C72J90=","AE8vvtPHMHRvfpUIP19nvRKmGr3XxJEsI3Gn/zJmUd8=","frZ6m+nLb7Z2Qx6mWyA9Dw+DS0c0Axlg0b17WK20WCc=","gw4VBRFImUGDjD6EkEfyg5zwQ3FJ8tbukSmCKdP/um8=","a4haUJ1ryziGocYTDAaUJhjTIwaR/78QOsKtdLqejGo=","voonccyseSI18zNHSv+ako2OjqMsplXKVmkl7ukSEVQ=","BSJwp21Sq5QG3lvBurmrmA6rUx+q1Qpr+tYaU87CKOk=","zE3lzSAU5Af4tB1BHFpjJYaHEfDTmsRMX+Y0gkBsrMY="],"block_size":4096,"path":"include.preload.js"},{"block_hashes":["Xsz2iVr3pVpPmh+THgPGJdsOvW6EgK+wnm5SEdrXoD0=","AgRjtLyEwwEMUNjEm0iEDmfgnt//y1KgSFxTrbMrP2Q="],"block_size":4096,"path":"issue-reporter.html"},{"block_hashes":["AmVODard53Od2/a2jJc3W8e6BwM9cguK330jmJPoGfc=","pH2BEXUl43rR89iHDQ1ELxLo68AX2lreYwvLxxl/iPY=","Wa++hYqY3x4WlkTv6uNQxB0xpIoj9tNjiY+nL1ooUX0=","IG3d1xXqqnwyZIudYFD4HjDU2xCN6F+LZa9mEudkDqU=","YwUnR4cKjhxTiTP2fsH9UqVzO2jZPXU2+JWpQdAITzY=","4Mu4zaeoLemsNWYel2R1ij6peCVSLWjtN3VHi1ZkloY=","+eST/nYx3ism1/t6ghAiY0FY0g1vB0ZrnP3qi2v/pks=","1PcGksj4tyqjb9ZO6wZ7PI7N1qNDTn65ISao94HGZoQ=","eTc6X+qAWZlolvokS/4HGZN4OEmMY86VBEhg172hO34=","VE4pBaoTQgl8eDgZbkRl3azHENxg769KV2meZtFeDSk=","PEcBImd5R4x9txvkUhKftnJTsTLDWMC0H9kb9DyCZoQ=","3ccSahmN/G9HzhEBKZ3ObOaQKJaPIFRPBVRbkCukzqA=","WvPBUtLjVaUiGzFvzTNLMA31iGT7XYB2hkSnmf8sRAc=","nayTCRFlPB90t1HOUqI0rDqlielT/5BFAcf+7VSbeuA=","LLIvHQ8fjFE2AwhtqxPFOqE8UoF7K6v50BwKjbHucbg=","n23gvd3EGXOpbOaulIMhrzsRWJupSIMYQ3EunXxjPSA=","/Y3/oYDj2AD9/EQxC3Y+eLr5eZI/A/jppgp9VIZS55M=","X4/i03AGoQgL8ndQFuAcu8VmQFLImkYfQup1hjegOho=","bfpu2iFTS9kHIhU0J/Uipy1W3Petu/L609fyj7Kp+YE=","olVbLfsDBGyLFZ8O8g+Vda1HMwg+GjsyKMZQfiqYal4=","i7//1wMkJptuUpkI8eMa82p+T/0xBshGLq4QQi+35cs=","YFx3nRBNYuBYzrTgP2xWR67mUJQp+UBofxcLgjzW5+g=","XHadqa3whjpgrC2LaxCgJkcz2gofOKDMxuV0xbsfG/w=","v7wTemJlh933jyDPjk3z+bvcVAaldvInXsonoiU3vRM=","eH6C8bB595QQ55M9H6B+ncFBxvNv2K8yhpXPVR5d8g0=","E7EOcn0MHdTQt4pzjVYUG+Fr13ArTqxVUJq0KH1D9sY=","JNvVYwVawju40+7gF/v1VlAVJVIx9Kfjy8awdQbTOP8=","JwBX7rMwLJJjrBEQoB62xx5zkoi4tBnKns1u3HYt/jE=","umBmM8D7SDVKTJC2K6sn6CozMow1J2BQxY1EOILuf7w=","TNlQc5Caur55WutE555+T9mnVJavOlEr92MKan15Cs0=","eqcMDYxLY7VMekMq0o3/rFJ7BtlWUTdCa75ARsCw5mY=","TaH/Iv7r4oI4mxrcROTk4PQVRoMu9UwI83ksB031+gM=","XBs6YU/3GVLVWigk0gtIu6B7KVI8dg1XYeE/AvLGf4o=","bovHy0nHzQXCy6FlcKzWGxfFbhcmm4WIU+flmPv7Bus=","5CF3ABCoewXkOynCEpoUiN6z+WH/OXDxYcknmXmpPQg=","i32eESkCW3pHYXu3QOyJsAj8JO+l8s+cR3LKpRsEnls=","7ATV1QuJtoiXEoaidhFzcYmjICmVh3YFtJxFzlTZo/I=","c7RDgtXoauwoG7jkafdsxk0u/pX5QwBGOb/nt7BegrE=","3Ii34HQIw0++OYR8FedmBJaTyC5y25//ZSYceWdFcYo=","7nVv/CGCv2O+kJS6VAFoMQpSpUpo5Zdo5Tgf4a3u5y8=","S/doTRUVVtg31iR/qa36PjJ/7EYK1fXF4+3HJkM1nZA=","i+YsW+yVEpG+8FYriBgFJl6ukY9bhfysPVIN7xk5k08=","oG66plvMOb+/MUCsJCoMbON+hedu36rdiJSiA6lNcLk=","C0h6gJ7KiXETadgdvP9dyo1ecOjZyNPBTryMTpqabbs=","GuMyu5uEAjhZhJTG1t7y0CYfFhIXF1eOqtAth8vmJQk=","SyE9jvNbmRZlp/DEPg6Dya/DyKV5TmPE3k+N+tbunXM="],"block_size":4096,"path":"issue-reporter.js"},{"block_hashes":["Jur9jL7Vv5KOOYm00q1aHSDzWBEizSaSdE5itiqfvNI="],"block_size":4096,"path":"managed-storage-schema.json"},{"block_hashes":["ATmnzQQMQneCrJYK3oFuxsQ9aYUOfUXdqalq4K+1p7I="],"block_size":4096,"path":"options.html"},{"block_hashes":["2k9CE4A1eePnyB1CeZarszFVd5mdO4TTBKYKaTqhL6A="],"block_size":4096,"path":"options.js"},{"block_hashes":["idTSmaHCaZr23mFQQp9uhvYNg0oM46rIWxZoR/KGXDM=","ThclnjHYY6/HuLedBLS+wm96oR34UOA5f2XD5FFoj3E="],"block_size":4096,"path":"polyfill.js"},{"block_hashes":["GFOY5lLyzb3XnSx4hpL++Go6SdNsCZIoyAEpLXbeEPI=","0P0jSYqn/dhaBg6TMiN7fvVMsLF7JvHvPXhG844NlqI="],"block_size":4096,"path":"popup-dummy.html"},{"block_hashes":["QRFqjcO0tnUXm/OikDosLMKQvl7lTl3ulWn7xGDRrws=","mviATdqU3wfyH/5ryWtBwo6HMs4aguwWIQOX7egJNWY=","mZ1InZkf9XvlNZi9xoGHyjVH28FkxAlq+GRWbcHvguo=","vWkbjlNDjkJ+6TV0LDFW5Kwk8IuAXEdg0LHimtly3a0=","fCv+VZUyPEJxSLLqdE88DfAIrRS1tHJnYgOBb2g6xQ0=","NUgM0uSHOdlf0gW5t3ZA8qin2QkKhsSTG34mnpKZw3s=","K3cHjms38ek/twiUl1vImocJXb2E8/EC/vZWp6ecW+E=","6ie0e4IxN3343hQwmuEYgndCdeebODkXF3cDCgxSHXs=","Ms216UxO82XnwU5KLahgzFz6W2lff6G1mEHw4pV/YrM=","QDFlTmtSCpuq4GUvnFYKX1RkJsYzqNsa/jv4UfXtb7o=","S9rVKJgPYAtrFtO/dUAR2EipXu4Njm1atuwWuu5EOHY=","Rk1Wn0Nj9hBhVrQy4a0BBeZwv97yk9V52bYlaBKKvuc=","QxNHT5kkKz7nysC/pMsJwDtkgN7h4Opi9O2/zWrG710=","8ps3ien7DCV3hMotOgPlKb1Z6r9Nh/FJ6twBj1MCtVg=","zgpOmlZ4QamtQ+CWpYcVp9jLoNx4Rogdr8oprfYwg4Y=","V0Twu/HAJ7GMx6sOfLN6RH+1+00GaEGVzzHyZejmI8s=","RKsVyFypQoOWUc0ueNkd84wnG0RQL10SHz4AoZSmjgM=","9hAFEEy4fyxVFjZJpZP1yiAecPJoiuYqo6WrQqdOhUI=","ite0BXXsu/DO2yZqLYBU0Ix7F1T9BBS4jLm9S2vF5mg=","Cve3QppdatTgXqUm9sH1EPVFrpb1xDIVGNHvqkvWNEg=","w3Vdt2ltpwaI+/+9PdyKpMPxYcAFC8cr6tRgExzFh/c=","EHrpPh/bwVJx/6OQV58PwWZ3k6/8joJe30Pl9XIX/aI=","Vb87A6gVGRu19gN5cEX+D52qqopT8mAC4PZMd7WLpc8=","4rvAWYKmimSlmcIZpgza62M4zP/WkgDz/fpvlG4fTPA=","kvRNSV1N0IMxcrT29E6mL/IUCZZA5A+aqcyn2khTNRM=","buXlwJds17Y3K58CvgDkwpeHmLgVEmVjOFNaJo8KNks=","DLRH6Rx8QqykBI9vTSK3ajw4ygJimcRVWVnRt1rP+x8=","jFVyQZVNsVqnwqT4/XvomowjewM3LAllblIIOQDq0Gs=","EDKyxlzGwl9UFjZ1fIn0xAbgWrYaLZmUDtUXMC5Wlw8=","aEj55bbh1Fr8iJSxavEl6neKxalxumArdOeJOwbxmeo=","9pBJz9GIEull855vQzc8wRLFowQaO4tUgdNfDQuSzLg=","zU5R8QKvG6Z70RFr0gMHQrZgw8xRs7DGRayrosEQFY0=","5Mtc6fNPbpBzBGDRUL9sLzdSvEYXRTlYi4PGv3hEIC8=","vcJDBHRIshRs/dV3ssjMmdfiWhM3tXWL+oz1+dHxZKE=","ZNk1RDj8ZuJ6OjANT3tB2Q10ac3UHzCQRucV83NUuVY="],"block_size":4096,"path":"popup-dummy.js"},{"block_hashes":["Qeft82hq+SM0KjVQOYzNRb/8ZHB1B3n1sbZZZIP1/AA=","62jiRo9jEbm/ZIe9empyVXg7n0VVMOZQjQvNv2fnxDg="],"block_size":4096,"path":"popup.html"},{"block_hashes":["AmVODard53Od2/a2jJc3W8e6BwM9cguK330jmJPoGfc=","pH2BEXUl43rR89iHDQ1ELxLo68AX2lreYwvLxxl/iPY=","idw3+rrdWRzKwQtzCcGPLh9QLmKfcoDKLSRqAS0HTAk=","ulyQBU0Xj/Nuhw0Q8TvwApufCi3Uz/MAbCoJKdCXG0k=","2gU4ITHBkExJyOW018XGrtx8v95kSuuXJ7LA+OoRs9M=","NvQMnsAPAC2f5CkzcpDlxrAGPZPC2izByKTqdWisDFQ=","Bp2o/0/qUPlh6qIqFbm53SWWBwsxaplX02FkKyHMp3E=","TfrPvNMCn/jBy+tGxAHnvFJtIB6b02vGeJ8FCwrXT44=","X6zNyYgRnhuukPtqJrRoWhp3l02rgFItVNJqelfKq4k=","YryW7IR14fLjftx0stY8b1NIuMaD07HTtMqFQe2MrdI=","7qIAdl2I1DoMvtEpPmOiazASGXz1+sWp+9a8DZwyQUY=","Ig9DH2bR6XF84r/gMYpzICB+HglF/6dhQRTMTUaULXA=","dTf0o4kT6Ek+k47B2vZx/+rFJiOqdSWOpCTT70OH43k=","Rk6y6hgsOISVKh8WMJUTf9MPN+mSfsD2O31ZhTfntsQ=","poEWSXZG6O8pWpBBXBz47oPg++Ftcoli8HqkpoOxtJg=","V+9dfMQtC64w1Zi5tesTfobjqQNsvmOaQ/LIRD/r87s=","oiYQRNLpXZvpxDxrXkNnyWWoMhvJ/FcRvKnWFE0rK00=","LkTdkmbuTtc/1zNNCevWDXR9lA5mN6d8yNRUUDMoSgY=","AAbDhASJ2ds7Cc/kC6zhqzUNq5GQcTgD99CvLC/u0KA=","p4zOI/lzrHd2QvH1SjyWk2QYqVsRgEbK33Z6JMLbRc4=","yXI7Z+PWsgkIysWOkuFpJy9sHRDcJh9m6qvbQjhHKUM=","6I2sJ+SUtWDnltTUKl8CpbcL6/31yHFovrmGtloZGgA=","pr1js8TRbOJ2hmSTr1PJL3qS/VjitpvWZ3ATNxF0gSY=","zBKvh0K7X6lHV1yhxWl78aAZe02+RKrSWy1sIKv0Axk=","ff9qaR0kEoxXPvlVGVTxmzGHDM568NkP4/oOUHrFzLQ=","ZkeAvwKILtdIDCD4XXZnM4V/ffIIoziVvZdDYcbEg+o=","qzhK/rQ/17YrO5sIgVmpz+YtZIYLN1rotxNdaZWQeKE=","+TXnmIsVuafL00xDW+3aOPjfOJmeNpzxNVHcuOuDNBY=","3WOq687xRlcSijMN56VhkRUjRJFzL08KrdMy6xQHU6g=","hTs5dVvQ7uIBbm6lRh+pzwp4kZqV9mGCGAHrrhRjIXc=","N4JIXU1MxFkCBNP42xX+eRuoqo6BQqgUVNu3kUHRoxo=","eNNM8UpMuo31gqYtKTrfm7LTPLe0a5XLAyvwwVrhCoc=","sIellkr7kM0qJLlU2SiNLxeKmpQUUXen5wpvngr5hVM=","cv+pafLXUg4u7TbIy/E7mYZLqXIuwKtPZo793WgO//0=","sy3b9T8ZY7Et9rAeTwQIYIqEvj1GkfwamASOSKGTuC8=","Xo4ThVgosn5+bj6mnqFR35NNYeNqAt6XBAy6KmR5gEw=","hYge7ok6DesyYSS2oYj2p92nJJYIZbonaKCP28L1tFU=","vdf7SqZnwZMRwAfdO3+fnWrzcALuQY4lpG6AQUEjGck=","20wQYVjjYmey/6NjfreMBTSSj+HOP5wZVjAYgNS3Kr0=","p21+gwtn0XFTj5+3LKCzV/UZuKXqZgScR+Sds499WRg="],"block_size":4096,"path":"popup.js"},{"block_hashes":["gtjWr229/kX6AKVyPMPlU8KfjQehnBi+v1/L07mNdyI="],"block_size":4096,"path":"problem.html"},{"block_hashes":["AmVODard53Od2/a2jJc3W8e6BwM9cguK330jmJPoGfc=","pH2BEXUl43rR89iHDQ1ELxLo68AX2lreYwvLxxl/iPY=","bXKKNTuwA58S1fVa67S+asGTQ8yOPkRLMwGEsV0fero="],"block_size":4096,"path":"problem.js"},{"block_hashes":["P2TXMFwlU2+LfbRpe92CdR4YTK0XoM+qLRaiLu+WNLQ="],"block_size":4096,"path":"proxy.html"},{"block_hashes":["lm52XTRZnBhBBYsJLTz202kOYFW96+wzxb0zICjWwpU=","EC1S6rnX1Wqxdl+bTtIJIftSxxaHRiDdyA0jogfZggs="],"block_size":4096,"path":"skin/backgrounds/appstore.svg"},{"block_hashes":["2R6jaqizBAMAT05DpLVh7sTd0us2GXWe0afgYrRqGi0=","RVoBEwPlKsltnT4IZh75AQrhXL1StnkTeOjGXfAAKcs=","fdkp0cCLguisVpSahlNN9bMyRPSfGdHGTTRw7VT19mg=","K91xkuJhHnFULOKWIZ21pcZnFjR4MznQV0b3ED6rPUc=","LzggqPIwmVdyXkcJF4A7Tpp7UnTJ+C5OLRiySwqOQHA="],"block_size":4096,"path":"skin/backgrounds/googleplay.svg"},{"block_hashes":["llr6EdM+ymFI5WNaeSWSM/5JA2N2kxBk7TCdPmClwhk=","zlalIHgUO+/QSUOdgO2U14NEUTLmYqYVGHqcssi+A2I="],"block_size":4096,"path":"skin/backgrounds/toolbar.svg"},{"block_hashes":["gk6RwGAae6hvHU/EYl8U1w8NmTfk6MZeMXNZa/7XmLU="],"block_size":4096,"path":"skin/common.css"},{"block_hashes":["OAynMUfmLraKWNobjayswitf3ehyLd2cioGdCaW/SDk=","+OjI9RtZckfbD4iLVNdlnB+jjchnpdYPCcCiFm6N3Oc="],"block_size":4096,"path":"skin/composer.css"},{"block_hashes":["vKBdjqaw5X4J9FNL7zZw8zSzUIgbJwhsDxlKrXXZuow=","H0DVmW48PzGe+ny4Xe+s50kXtyemcnIm7OJ56GwWOVA=","3zSQUK3QnjKv06WuD68SVtKOr/QrC5wrXert+V25qVk="],"block_size":4096,"path":"skin/day1.css"},{"block_hashes":["jcG9lzlU1e97Rh1Xp+drRqK6dQWLb9oO9BAjjGtpJms=","/wX+lbIq+ReIjMdTCeO6djJ+VJkQtF0yVXHPY+0R52M=","Pkgxt5cNGpbSxmjoxj2XVdxLL2jhwndl21w5K5XoC50=","xhTb0Wroh42jk2eYPeXCQ05JV+Foxv1bFPSclG/jp6U=","7GSde7SW9oRknPB4phskr8AZeDe63FbH6FZmlmImVgk=","jXj62MwHczOmiBd+uaTB92gy6Z5CXIwCRvOtsy3Jzcw=","jZzY863g0+TcKNewyyp4AgpJAuVZK0yXbGJfzkGDuq0=","vTTDGkbwfLNKoJaS2ncurzP2KkFCWzYYHbUWACCbeVU=","+n1DIgKP3TjkKtSfZRQ/Wgk+mmw55ScU+OfGHwuqbdg=","FL5TlM0V0kWNbNBm9+MPhaEKaSKJBKBFv3yfFGq14p8=","dMVIp8aL4VjqC3CgI2D1ecZsis2IX2nr32/J+8PZqEI=","+hcVulD5zofEMa2EXr01vTRR591K3vPK205uIfvxlgM=","GJLSZUA0SfW5wi8cjq+2B3E2MS8XhCIVkF1ltJQFshk=","RqRUz3nZvv5t43/tbmSoNzAqR644JN8Mny507b7rRuc=","t/x6Hh8IAsjDRQuvQpjASuKF3rIxSuYv7HNHi/fr91k="],"block_size":4096,"path":"skin/desktop-options.css"},{"block_hashes":["mWYibx4PF9ApSURnoX9EqImwfVlbjcU/p3R0kH9bok0="],"block_size":4096,"path":"skin/devtools-panel.css"},{"block_hashes":["Tv+1twmbl2sIfnj59epi08ocijqaurJb+ktQA5DIJLY="],"block_size":4096,"path":"skin/first-run.css"},{"block_hashes":["0H66hyEiZKKOUiIWJLHha6ez4Y/1fxWjTqnj/t30v1k="],"block_size":4096,"path":"skin/fonts/font.css"},{"block_hashes":["H7yxkm8pMzOFZCT2bAA6Wqi949NCTX9wpXPTHIWbOZQ=","M0VXAcWSQile0ugGYCaGFbJJzveB14GwP1gSc3ohzlU=","ckm92ryY27ASyNnKsld4ok2jEIVIqIzRynz4FT5vaK4=","1tEq2FRhz3WgDyuk5rleZInB2VGNTC3iPmuuSKxo5Bk=","FxJMPlDtBnftLEB43mlUpitjwPsO6lypowwlCiPS1qk=","yssK0GP+I6EV/xlQwHpvPIQqImSnBkUwKbOFflgPS9s=","6ty1VjgbZhN79DUZjSBCFKxQqs9bkrkHEyVfo0e7Ypc=","p0glY7ZRj1cRjui0ivhTjaqCksJ3hLul221J6tZzDIs=","chSJAP+n/ZCzxx3M1KDGWkJyPgCL3D1ZTDFyKCK5+q4=","7CwfKXSIefRvfxExTx0ENG9A85Vw5vviiyQmzdh09Gs=","YQ/d9uDPQYHoQYcRAXOIQ78kUVQ47hoQTh/zvy7f/gQ=","iGlc2y5y1RVsTx1PJfb4659GljkZvdE1le/1FAdRH3k=","irHCUX3R5oE7xmIUFEGN8fLWdVJVEL/ljCtSVcyjFt0=","ERBHo6kQFOHiksZl/xlTL+hFXWrvlcw+a6z3PVatNB4=","IqG5cy3MbThQiwpTnpcCv2xqHZE5ayjKP7l+q2T7sXs=","RRUJmKMOX4BmwD0XPkvfvcJdH71P1aAa/oNVw1TUvPg=","liQxQ3P1SGIdMHHk66OZ15uFfCyqJqFRCKRUcQQtXiY=","kBIH4IiF9kWQafyytVzn+0uje4MgOsQjQyeB0ELUd4s=","9F6z9eoaXC1G+8ahbsB3a3FdgF3f9ypH4/+Dhiht7DQ=","sfm8P71XjjHWXimXM4gubZQHxv6c728d9gjzqP9L9R4=","8ie7t2nvY/+L+2/3CpcL4JlV34fZXapbU49O5HydxIg=","T7/ikcO99ifFsseJ/zMwIZUVu18eAAT4Rd4A6nFTmTA="],"block_size":4096,"path":"skin/fonts/source-sans-pro-300.woff2"},{"block_hashes":["YxQf04oVIi4Fe5B+rUstrv4/ZjO8CNlLplshWIfD9QM=","Czk/widc+8uVuh+sMiAGUdymZjgaUYUtOK5jvIII/qA=","DCrcPk2JzmstGfoMTofdUAHn3SmoKp7d47cXQkkT0ZE=","c7hsabLhjST58BcpaNYrauC02stTIATCkP8Dho6EtQQ=","jva9Z+wzsbVMWPN1hQZQsDI04EU8tayyL2gJuxonJyI=","F9/rbjUM4/rboPa2SzW4aES2ip1s8/Ivt3pepsUYnFw=","pzzyupgm4kojGVRZy15iTqQXTvBrTOoHElJi8HQQlt4=","WGrL+lQyJyY76G7LNA9gCI9FlJ0Cbn2XpSFEpwt0y9A=","RtUTY6QeJQvGxC8ZVC08fwgisUM4pw0pPWQO42J3o40=","rgjaVgKadjmTJE8Wb5TGAUqpjZ+bGyc6wLrhBmcRwDI=","I+rBI/Y2Hl8lWP/PJW4QJIo+MN6DTF6Acvr26LIQ8UM=","TBj7k9SXMWUC2Yhngb2EeBgAZXtfP0XvMtxy2dQQZkg=","SzHoIP/GdK76IiOH0IdJpeyAh2CricfzmbIsk7yvg3U=","7cQrmP8pskqPisMCqSNs/PlqRfqj+4wr00giCfLtTQ4=","qOzx1k2G0A2S+tvpzFSlPqNS+VpjyacZEBX2AjsdsdU=","NrCJBFjpuAIQHP6E9BSjpmjkIKNc52Uq1f4+kQ/zDbI=","6zIfnkS1BsSKcCiHLTuaavc4l/+j0bxmmj56QXSQzC4=","qZd6aP35g20SxsCXVuAkbMd5Z9buHBSxcGkarxd1mGo=","uiGwTotfrGIPGxbeA02z86OzU8fMaSvXI+6qY6+NPTU=","knhUrzubNkBL3XNIP9c+ST4TGAn0k9qMWY6vjdscUiw=","noPiDHde7H3S2d3nZQrRmcnZVInttb1cx7EnF3aAwcU=","KhAaGYjXzfU/HHE0GuM+wuF1sIsAlavIqqfGyr6bt/8="],"block_size":4096,"path":"skin/fonts/source-sans-pro-400.woff2"},{"block_hashes":["jcP20b+TokYH1B7d/56149XE3okxsu75f3NIunbCgl8=","idg9zKytxvGcaH9po+s59sLH2ErWUOKEdkO9Q2cuJO8=","57ijyYiLwyy5Vakw1jyOqTUJcbMkUQts9Ze6+GmIHVE=","+89Aj4XaxJ+ZSgdOc8K49fjzlDKOmhkXgvLD3Z/YbP0=","F856IS90mwIauvwnqQNsROXzceP7oTP6YblsEoLfgd4=","0OWtMZP76cUN+vDfn6Rp3u7M/vQc9Np0HomIwkmDHdE=","i05rWaXDKBnIIBO8CmYzUbyGrzS22kMbzLuRTxDxqLk=","TusnOF3bL93cZR4Y2IfYxjVUXB+0RAS5nB9EatLma8A=","r1o9aGxFsnDqALjF2MYYmbtvTLuAiCtU4wOnfumwRQk=","wi16vIBcMKIKuUxOCjifEpSP6AXY5pXpgAs48vcpoxI=","NEBPpIZ6r1tqbxLoS4C27oRao8SHwVIDG2iq3NjBU30=","Lj/CYeUk7eBoq3g1wlwvm1THEGIogHmc5c7DJdpwSG4=","uMobjjBqCpWiVGctjzaUBmP1t6Z3xzdGDkl9n84pNug=","gqe7t4jAKc3orhF1Wvg6JOiyH/eb95gSncmp3zkymeQ=","RrYJZEjQDJEzLWRyQbFPHs/2tpw3mX0GiP/C5gAklek=","cMDUvcKeVNyySxGmrj9hKsbXapxl6UAtVNedIOA81cs=","07ooN83VA7QOXoFhgf2nSbZSS5ZEd0/ua6KJ5gZIN5g=","v0OCwrb/tSm0sjyAi5a4OStauv7SNlvFAlhXXLXmYv8=","2uU8rb+yOkJ9Ntkj8aQpZPiQXXVBwogmBdWeg7noE2A=","cSBO69LIuArQmfKtnszTjJbDc4uNtma5qw4GtuAQIaM=","XM5b/lcvoHRlhLXfsVJHuUuoczZj4j2KkfhuWUyD4V8=","aMSmVVLQ4IoNJWW8vK6vtOnd4aRBndArMmEReUA9H7Y="],"block_size":4096,"path":"skin/fonts/source-sans-pro-700.woff2"},{"block_hashes":["xdUARcQ1azQzZKmbfxz41cvM1wyUHECc/CzhRR/bVY8=","P05PvfLCiHkeA6CieC+aXyHQxGTPKzPJZOnKzf/K02U="],"block_size":4096,"path":"skin/icons/abp-full-logo.svg"},{"block_hashes":["UM3oREwOuzqr81VTRLcvea5U0nxSx6iqCn0SNWNehvE="],"block_size":4096,"path":"skin/icons/abp-logo.svg"},{"block_hashes":["5EWHNAnDupWfCuca1fidmSBpr/G16epegvMgtJR4Zec="],"block_size":4096,"path":"skin/icons/alert.svg"},{"block_hashes":["QX2hGSvfXUmkuH5FQGRZtpXDveagbpd5y4ovBIui2YM="],"block_size":4096,"path":"skin/icons/android.svg"},{"block_hashes":["ts59Y8iFErHSHbLRTdug1k3q4IKvXDjAiPI5U1gevrk="],"block_size":4096,"path":"skin/icons/apple.svg"},{"block_hashes":["Vgpz4KoN+mQFH6NMUQkukUGMUbasi7L6AalSf914lCk="],"block_size":4096,"path":"skin/icons/attention.svg"},{"block_hashes":["JXkDHAHFQ4qorNsdbr7MYNL/9H06WTm0Q757qgpOz/Y="],"block_size":4096,"path":"skin/icons/block-element.svg"},{"block_hashes":["/Mjg8g17ik8M8M5S98XU/YOfSUnU+g7QxRx3eFjPIvM="],"block_size":4096,"path":"skin/icons/cancel.svg"},{"block_hashes":["gpvMjafQHYc0mN0Dt+OmUKye05l8TrytdORAXSYr/MM="],"block_size":4096,"path":"skin/icons/checkbox.svg"},{"block_hashes":["wAOLb7P5ekGiuox2FqmIHmcfW9rwYwsoM5BgKMVqjew="],"block_size":4096,"path":"skin/icons/checkmark-green.svg"},{"block_hashes":["tcHl7OFak7xe4jiRWKZ/SXKXE6dFvyq3+A67f84ls0w="],"block_size":4096,"path":"skin/icons/checkmark.svg"},{"block_hashes":["8VBMoh7soaZKMKW+jeUw1EGJhdTDIUU+ta3QbiuagOE="],"block_size":4096,"path":"skin/icons/code.svg"},{"block_hashes":["5hBK/3c0Rjc46x0+EkVu4Y8bh8dNiqLEOu3rN0vDklk="],"block_size":4096,"path":"skin/icons/copy.svg"},{"block_hashes":["yNT+P7MDfjXEQtQAz5eTr0h5oe0Xx8efhYquIPtBGbo="],"block_size":4096,"path":"skin/icons/critical.svg"},{"block_hashes":["jVL0T8O8q0MI1imPzLJeQSeZBQi/qKMmIwDYrq3/5Wk="],"block_size":4096,"path":"skin/icons/day1/bug.svg"},{"block_hashes":["gWWbuCgu8ut5A65ncucZXDlwoFTzQnPgJhsT+Jc5nVs="],"block_size":4096,"path":"skin/icons/day1/tower.svg"},{"block_hashes":["8AS4I60wyNNFTNuqYCERlu7tJmLJyOkY+6BxZnTF09c="],"block_size":4096,"path":"skin/icons/day1/wave.svg"},{"block_hashes":["dUaZmVrLTULcwnzpq1RWBviTBmYlzPCLn6akk8E0t9U="],"block_size":4096,"path":"skin/icons/delete.svg"},{"block_hashes":["8j0EIcmR22YFKJnq28mqb0/Jyj2U7f/jVWG9UtyX+Y8="],"block_size":4096,"path":"skin/icons/donate.svg"},{"block_hashes":["hTYxVYFLDsKbqx9pBKAJ9NQfF+GIHPYysD3CjLLv9wI="],"block_size":4096,"path":"skin/icons/email-white.svg"},{"block_hashes":["odd/1aG6t3i1pfOX8ofAOSh73JHTi7ii3yuxVfYCcK4="],"block_size":4096,"path":"skin/icons/error.svg"},{"block_hashes":["rffJ65QCzmI/O0hsEyq6nULnyiqgG06kZJJ8lD2/iwo="],"block_size":4096,"path":"skin/icons/facebook-white.svg"},{"block_hashes":["sSoBAPcfUgxL2B96AW1/A8Ri1ek5IRN2OBlXRkEIhpc="],"block_size":4096,"path":"skin/icons/facebook.svg"},{"block_hashes":["droHLRJbEJNxV+4nW16MdlpyqILVQad/GUlITfGojHU="],"block_size":4096,"path":"skin/icons/filter-list-title.svg"},{"block_hashes":["M+u+k6a0KclDuccFL6/E2niK3B7IyMotLnzC9/xVLhU="],"block_size":4096,"path":"skin/icons/filter-list-url.svg"},{"block_hashes":["SgDUVucscl7mGRTbCz9yjjowMQybltSSPNCKmuvhja4="],"block_size":4096,"path":"skin/icons/first-run/checkmark-header.svg"},{"block_hashes":["zAmoVUlw2EgE0dodIblsY/7D8a8YhJpiCyrBKKapEGQ="],"block_size":4096,"path":"skin/icons/first-run/checkmark.svg"},{"block_hashes":["6ydGSwxs24X6Ma5L6P74wlWM5o+hKME+hCHWy2WWaF0="],"block_size":4096,"path":"skin/icons/first-run/lock.svg"},{"block_hashes":["W0jbumyE8a3EWQKYaYb/v5UCHvvd2CVji3i3aBDKvnM="],"block_size":4096,"path":"skin/icons/first-run/rocket.svg"},{"block_hashes":["yXJMKvBMEp2ICFDzpbEr/CL0plgXMlV9Zb0pH0TiiGU="],"block_size":4096,"path":"skin/icons/fixes.svg"},{"block_hashes":["4+JAMPcku+IchBX/kvJf9LbGnrT5CoqdtDZJKyVaEB4="],"block_size":4096,"path":"skin/icons/gear.svg"},{"block_hashes":["1jw+J3bqt3Ov9cMrRCa8dXTRIYzrprx2d7dK+fW85uw="],"block_size":4096,"path":"skin/icons/globe.svg"},{"block_hashes":["ONTGtIoAcGAaARn+xvLrvGKrzg5m4KadZpdMW7nA8E0="],"block_size":4096,"path":"skin/icons/heart.svg"},{"block_hashes":["XwPEYQd3zBxtgvuwXMI4LmIvBGt0JslHVHv4WfaCcHY="],"block_size":4096,"path":"skin/icons/hide.svg"},{"block_hashes":["sXWZHHNaP/T+/2JlCO9G9LPCdP94CTfJcTG+MwozPgA="],"block_size":4096,"path":"skin/icons/highlight.svg"},{"block_hashes":["slUxkJe4MyVWqA0akAesPVBPBICq6w4mOAgY16LOt/o="],"block_size":4096,"path":"skin/icons/iconOff.svg"},{"block_hashes":["bc+Y3lnCxv/W/+PX4T68UdRkELnYXeJ5yFJm57oqXRE="],"block_size":4096,"path":"skin/icons/iconOn.svg"},{"block_hashes":["0xFJdI1yHlFIREmXrirVV5ljaNqritsibARsq7vPGO4="],"block_size":4096,"path":"skin/icons/improvements.svg"},{"block_hashes":["265s9BYfNTqVf55gmYPRCOmV4K1MtJAlJHzak1FL3ms="],"block_size":4096,"path":"skin/icons/info-big.svg"},{"block_hashes":["CQmH5mHmHlaOmfL8B2ZHD6rht8xmj/NKyFq3uFGpxC0="],"block_size":4096,"path":"skin/icons/info.svg"},{"block_hashes":["FwbRLYOfKNyPj7LRyFlXW3OtgzJbZ6U6xcBXMWlm9WE="],"block_size":4096,"path":"skin/icons/mac.svg"},{"block_hashes":["JPJnlbDD+sV2HGml+avIdEf+fmHjRAhuyyF9kHo1xDs="],"block_size":4096,"path":"skin/icons/open-link.svg"},{"block_hashes":["QC9i7/mAD3XPXrGd36fILp3gGkuhL4LsAhT0XeWZ0IM=","0aKZChwAOtf8ZGYCj8cXFit0Y+agfgEwt3Zw18P07Lk=","Ng73/ec5ClM31pgP4iOiY15pevr4Dh2+6hAckL6ujbw=","uIj0VBT4HTwS0tUDcbrodoh6fcPtYnsIE1MVpHWxw+8=","K8lJOwYQL0ysivCZ4OXDjn36/q7sUorRBSEqS4saajM=","arJPvbofJkPBIlgFF5SdiuMy7oa59a3cMrN4RNesT74=","R4opvMw8sXoR2usFUww6ADiYsXZONza+OnhM0e2VusU=","uYvlt1uJD98xJjl4/oPknqoDk/3uSqRJxfLrGJmdyhI=","Te5mgZncaFCNK97WZMy7pQmwRkcwZvGUTERVRQ89cP0="],"block_size":4096,"path":"skin/icons/problem/data-corrupted.png"},{"block_hashes":["c6kK3Kp7ZV55PJmK3QWnok3GxoSmsgJqzgLM+cFNm+w="],"block_size":4096,"path":"skin/icons/radio.svg"},{"block_hashes":["l/kTg8oKQA3MtaxAPtPNwAitFZ8rcFpRYQ8pgkQOYow="],"block_size":4096,"path":"skin/icons/reload.svg"},{"block_hashes":["baX+x1+whdII/Yw6ClC165562SBzYPxWMEcTYbBJL5c="],"block_size":4096,"path":"skin/icons/report-issue.svg"},{"block_hashes":["kN7qeuEz5o09gvcAPMO0hWo+Hv5rLRiXjiw4mnOwoug="],"block_size":4096,"path":"skin/icons/share-on-facebook.svg"},{"block_hashes":["ahvpln2tHrhUJCVnSZTe5yjhfjurOJIqnMrX68/5C4M="],"block_size":4096,"path":"skin/icons/share-on-twitter.svg"},{"block_hashes":["dj5aQJbGyXtVXYD9ZnfdpD4tfgSACC2QcmG/jkfOPIs="],"block_size":4096,"path":"skin/icons/share-on-weibo.svg"},{"block_hashes":["gJYNCYZOORpN02qC6KBs1RIa82iUwobCvCwaQNkiqHc="],"block_size":4096,"path":"skin/icons/share.svg"},{"block_hashes":["YZ/q08NneLppaV0SjB6Pvz6gmZy0twE8FuN9C1MQyuc="],"block_size":4096,"path":"skin/icons/toggle.svg"},{"block_hashes":["epn4N7PVufhE2zPRVb1Bha9P0l1boKr/ERuDFEJlcUE="],"block_size":4096,"path":"skin/icons/tooltip.svg"},{"block_hashes":["NXPewEGKh5w1sZ0eR8zNN28IIXb5zT8oETXKyAYzdRE="],"block_size":4096,"path":"skin/icons/trash.svg"},{"block_hashes":["M3XxQG8F6gFcetcp2y1knCJBte5YG4Kd97h4bsSNxRM="],"block_size":4096,"path":"skin/icons/twitter-white.svg"},{"block_hashes":["s6QD7rEN4rhYxpoDXv3u23tB2f7CThvO0Wb02TMqcBY="],"block_size":4096,"path":"skin/icons/twitter.svg"},{"block_hashes":["GzvzRtszCcfMgKoSlT8DaUw0ieduxn+NeZduc68nyiw="],"block_size":4096,"path":"skin/icons/update.svg"},{"block_hashes":["r0ieuGqpnRrwH/Bj9hfDsd4zMRayGusSvfWF3klb+88=","9nmH5aU9hcDcFvm1MkUhtAYV6vdCkcIEY9vJLuCYxMM=","5vCSdUvrJuJeROADGG98NF9DDvVHI3weLZdGjvMRSkE=","bI7/cY6fCjIKfEabmasaIRBjPJwGMHyqCZmF9BgICt4=","W5uCXTTiOQgr144QFiUancOBYfZz5rVy8LE6nhcVGAI=","j4tyzsZ46VuuoFNz0UFCmycSEEw4lypBqqf1hs0P99A=","pj6TWDmoWzyZZ6WOU7bc3FsBV3XBGXzWQzzk5N98p3Q=","9XrvnEEFxTkJFNuMDDpxOMUSoG+WKtbficODx+7Hl2E=","hxGv6x/ZC5VKWMWMeTbLtGyf5lfFN/EcI8RtJmaTozo=","F6XYujlh22K5eEvSQZloxoBDzWslzR9JQiRD4GmINhQ=","XtA916/8PR/mW1yC4EAYCCFL3O9mldo5IOF/hdvWMpw=","BdynC/ZssZfmRwkULDzla/Yk8EFxF033vOmIZB0v7LE=","6R4UAoOtKAXa4X6sU4At67/g/x6TfZ2BCN+X/pVZUtM=","Ys94lrA+i7KtghvkCn0UIEoCJQjSqFJqkNl0uPtIWTw=","VDivUBQnlLNBr5dn2cQ7EvDByEzZlLBNRux4YsO5sd0=","Fw5mmHzV2ZAKIUkgcygplFPXBBBeFs9lQCpZ8U1JLUY=","NkR2AfDn9iK93x+7lt9sioXqHSREa1B11iijiYyNoDw=","1G1MQ+RzhWSXELvphSlbbgofWEq8rBOFkS4z0yswNBY=","Wap6Q0pJgJXNkEVwcmjLK2LhdgEHnRQUJGPbgsgs/IY=","A4OO7avGFN+StTJREnJAZWW/PG2gkb35Yi2HmW5n8sg=","7kbzCF/u5DuIm6vZr+sVYndr00Zt/2LD63/Hp3ysQro=","d8D0W8R30HXGwUHxhtRRrNTaUAFzeN4JIGyReRghy7w=","yUXBUvAjOwoeOK4qSm7m9cF8bxbi4Zcg0U5VFD//oUY=","cSnEWT2Cx08+5F+hdN4qpAPItGzUoq6mOnnZlcgklGg=","QwMMtwvrbLDFjOX85vqY7yBiAskz3+WkTvVYKu9ze64=","t73reSi/fnfyoN5m80XC1U3/NL+/XtEEddnmC+pRxeA=","P9ZA+nw114ZUf1isOfazCcFeB2t9m1HYUR4p+Tv+NA8=","9/tdM8vfVTgd9nzkOGJQel5ReVI9EodGqD7Xni7rp1s=","1BZNz/V0PZRq9kaMxLGE5rT4ICWJblaQQw99jFu7+qs=","gkMlu2MIsBq8dGIhqVzO5gYzEPUBCMlt4Bt+ZI427Iw=","OVf83hHhta5RVnLry9sn7pWkhz17fUBMGaxL4XUHxNc=","vrt9l71+IzxZ4Cfy4fUw2Fc9CiENpsWRT5gPC+Xc4gY=","Ux58G5qI4z42Qg0tWFOt6LYErANeQ8XKOWJI8pCGueQ=","jHwpdVVDdThDKDgQXcAwuVeHfD0SFdxI7PNoIPBFCAA=","Rk7smRrLP9AOlJYCFw0HPTqfHyC952pPbVSEB38R/Cc=","FL+bEAfRVi/pF5KV0os7x63xUaYoEdQNwyNYWHkgfZY=","j2J4OGvBlnTjkpJqj6MM10myOG/A7dakzhLGigu3i8Q=","SVTzR+xOT/TXXJG0lVl6RmbQvCIBFFKD325ifukbkME=","A97f1PYzIlpfQ3MwnNIa2IrizaEvOvjN0ErbKpE6L7k=","lmm0LvBuPT/kC44Kv+4Qt1rEtEey3YCoujJFBILEd44=","jqjpDSFIvqXIb4N0igJX31eYCNPDSRtyq5SRDZ0eCVE=","WOH4wl1v23eMf/dodo/bdVEtA/e3fA7BFo2WaMmgCRE=","H9wyfdvggpNwqdPX/YG1Xk1FlBsUyd3KJ0J0XIKtptE=","FsI+aD2ZGAT2oqwFz+aCuNEWjSqkr9V2a1UDjg00CTU=","Vr2WLWBsftq6xnQ9wv/bEwyi8caB0PSDyj9DcSBv1CE=","J7h4l6iaKdcr+DVD0QKaUAR6LFnwctcn/lUSPa76+0A=","Ag5JCpfIFUieng9svp9rz45f8ETyyI8cvi8PKXbRs7Q=","AevBlRLEWzeBFZF5tBO5cop5ZWBenKYc2QGz9p9Ingw=","oEHGo45tzh+9YZ2waKKnO/xXqpfDaNK/jsYn3DL6fHs=","RmA8FMnMH9zahNsHX3fTpEYCp/b1GQbMpdwMeb5CP/A=","BuLgwGUFTi7cyg/yu+LMVSyHkEgVe7nolpQ7rqG3Ml4=","drg4MEwYoQgtICI6GMgklx+SIULatRazKVIondNA9kg=","O2R8fc4eG43fmH6uCeiOFN1aWseXWuCo2gbNRtlFUbk=","KyZfh8RE2Bo/iO0t1zulakmXL11C1qb9Vb+2+6d3XFU=","mGJILg9/GyVwZnXh0W1LhRZWM8lTIIhNaVjjJOqsFmE=","7NOPe4GUvm3NmC+yBDSJubyh0VPf78yK1NLRl2fWJkE=","RU0a0tzUYaalGumFJkp5zHlpNnw0k/wmIjr5C2G3ENY=","hlYnUhJy/7RET7xiMz9cGPjmtvZKsO3UZNYqrYmlqq0=","PRLnDjaoJJ6DTCZFcq0oWtWB12qVIBLUkZmnCwFDmkw=","SW+CkUOKOqm0Frij5ugiVcMSB6UgOVO8oZcgjHMgzuU=","AGd/cDFmfyIyxPVS9Gu0koWwl/HXtTh3YZtj6c/1ZUM=","EO5u3MbV2a4A9X3gC76sht2VtOnu6/YuDD348kEQEjE=","aS1aU8Qqok0pEK2fO+glKzVc6tiCPFmwp7woC5ctO/o=","GKfPmdgnBkCpvtJbuZOSWkeymVJQzvjJFoNhXDsT9Ak=","NnOcAkXy5E1gpF/VC4e6XgQ/69ktkH/ZSuFF5mITWHs=","mIQwl65FKP+wzVcLPle+jCQRMlMphOzpvsBX+h06kbg=","ZCL2mKMYbj5b382Atni+XMxdge2iJEmZSojBjoekSQs=","6UNm4MNmLKob14iaD1o7HkP/8MBjAOgOHeNW4Sdwcx4=","Lc/GAm03ga2hKuVNqD+3ev7bCJeb4qyVo7mPeexqVnc=","l5aWpx5/Fbdm/DoRDef/hOkB+s0NI2n8GnAG+zaz0DM=","LR7MJayp85Qfjs3VHaj8YhtfFlGPPuQ9m3ayQFvYs5g=","3ht+f0w3FVx4KopLWZ3RXUSwuD/2RFN3NX9TRCQX9d0=","RuhlQwiEB0CtHuu4wZtqyYvm2+pvKBWaqenl6//oS6g=","EoWaO9RjBOkidbG8UtVDU3Ze88f1t5ugb2JOjk+qBBo=","9+P50uzIDOSb+F//MCMlm7pg19AqF2up0OVVnFqXoM8=","lM8HcljLefMSEYpoPcgVVXmzwELIx8Ni9GSSI9JyELE=","H2z+++Ark0VKRRrnEIiXLap8YmnUFbODCJiDHrPz8/Q=","6PR08eYU7NpyRrkTbpJyRrDpqZYUA2smOqF0UEaVIv0=","D+XsZ4wekWySENCJ8JhjowoD6zENYdqbox3iuYkyN2o=","VRahGjdLW5HVGLcM8NEomlO6NW9RUFTnlxz7/Ngn3Sc=","Gjc6mIEvMlgVHkG5G494sjvnzT2EEO8pOFwzJh2ZCnI=","gqRQlCa0MSiDU0nNO4TBN/8KC2WgRG1ZnDCl1bhQrPw=","7Gxy3Xp+wRko0vkg8z+pkDs1EYYThxjELNzmWQStJ+s=","YOSysvvo9sMLectQyBEp8P+UKIVzbTfwoF0A7PA3G70=","U1PRKfETRHPYiwhdm1ZL0sb0XsXOyIIt+I6E0yuSyyA=","5WVWXIzS0FUHKRnkq31RpU0L+o4M/08SLD4IXHzPLS4=","0rVyieGB9okQeXNfDtSr6iIbBist283mf2KIXLLy2gk=","Qt1oHJgBhZzqiiIXU+4ncOhvfEKboRluzENAK5Lwous=","XGp0P0QCcXNqYMvqMYlsy4vx1SzBv0wl6wJ9SA1yKPY=","/6v3R7PYq+53+6l/CYpxtfkRJ+FYIImSfeJyXuFombA=","dQUH3pnig6LCaIthcJO37QS9mib0dZp5D8RHnLs3edM=","r0glCbEzJPJzEHwdvtiyngSg1gzZe+OCJEwe5tY+9CY=","EZ30hv//fQydlIKAgzVRsUOt4C1GZASlAPoujARPGzc=","vNomoInEjjzqkOt4WUjmqoNzKCpGQjepN33Y2Yz+oHE=","vnxrjNg5b2VH4DyuzDEzs0Z9td+Sjve9imUDgZWbwGU=","clwy0V7VDj3ib2YxqYkI/TqwpsT3nnEa7Mg3Ko4bPlY=","FNo+OeAZbfBh2UG+eiy1QtFwMSsG7LcJVoTMs55R1YE=","azSAjkcsfT7SYViLbdVIzO/y4Y8L2Zw4tNJKvbSd/J4=","/XOUnh4QYzmzvbfYRhuU4v3+nfOebsU2a/USD6VsmhQ=","KcqXUpe/M8Lec8oxA9zRc4SlS5XG21fFydBScpu4Ht4=","Vic5VlSZBVKNQgqdYjsWsivQT3UIazDI5UsxNr6Osto=","qzLRcdb46ZzDXNmSC1rNwpbOK4bKB93YbQDHM8ZqSa8=","2lsr7K/0GGY4drJqrMjANn1LbNRBJHWUjZje/KhQk+E=","tmD1nSHnDODiPGAqwvajgDTjR5hJ/vH2X5GR6EsH0oY=","+vcUC1BQUN5dzl+6++0IO7OofRbT7m3KfYMfBUi+nHU=","oLyuKGf2BmZx72wLSSm7RBFOBr8fk/4VjR0Nwuuqg2A=","Z7yHF45LNB24Ied88KSXGqp3lvVD9NJjI3ENHhOeLYc=","MO2CWnsc7GOJa9IwaBRqzVk6VrlD2OcZv98KL2d2hK8=","tGO26/Aqp/7Lq0iG2QcgyoFM0Nl/Mq9C7U/xA58WEHw=","7areR1Q1CEHUgVYp5e9sDYjhm42jhbW2UuHaYVYTWVY=","GHuW6A2hKhPWW8xKxvAX4KNCSB5h9VjFlVRG6SaSkC8=","iV1jYGJ1Sm2D5HlmRB3G3dspUIVqtLJMPaJAEuHIUf4=","Db/PJm6NnlN3tdH75SZb5hMMULtWrUyL0u24QqI7qzg="],"block_size":4096,"path":"skin/icons/updates/block-element.gif"},{"block_hashes":["sAlQUziM05BdgS8p/dfkvx6oy4vrC5epvFFloRkdzzA=","1E7ps564ndiHy9mL36s/1mHgmhmX2NeuHDMFR2sGN1s=","edJfnM7DsU/gqGi2R0PYbVMRudje+dns/hedkTndFys=","TDv+tTTWRHKfCZvGdFykdHWdwpfn8K5Gw4cw5jIC+Fg=","iyNdvnm5r6N7OuVPBVw1hxsADnQR61w6TdimYZdjyHU=","7m4SyllfdiNoqLwnRyfE7v1KzFydS+Y5bzQuu3f2jkM=","BQR55WxoPnrqsnvdNvuBeCuHD2zKofDB35SzXbCch9w=","JGso80nRnFInTuGHMDQsA7bs7cBGyOd/pzk1WNP5S34=","Ah0MRTyDyV7bqxpMuH3yELMDRgZICuw0AfOlw/CeUIQ=","1WEOV8YEiyfxex7v7FqIRmHtdKOG6okqJYYy7lIH24I=","1CmOUi79JduG+RTmYByM7k9I5ef020DQImZdb/SpSgE=","8tGeq3l/WA53bBeXE2doTxx7aNedXTAQFjdoHWER6as=","opdoUOGEq3aqCRMqZlFMIkCX2XAaF4MikH/n5p6dUF0=","p5XRVfmq4n+dBlk9tqCKMnI5emdypI8iegW0Hlxgh/c=","QQXWZP3IOsn+aLA9hn8J/adRqCOsO7qWlVKU4B88tvU=","P69EroQKgZtYjKc5UVKEwIp1DILHv93wYvEA/ur/X88=","Z8ooqQ0qTeqz3arkZUc104c+ToFQQY7v3YYyWBAAi5k=","n89UJ3nv7GZDDLnmiwpWLRnZKLmPyV4MlXwQXo6aZVU=","0rrLpg8BmQ1nY+DivmmUCneCc0OojZZqQTTK4kKWU8Q=","2lIgOrG9chmA7ebZa6m6JWUlvFj7Cs33QmNdXrmlL04=","Nn/+ApKzgWMhzQD8UBcnd8/6wOodo5bMUdFJ1viGbGs=","Rli4yHevluq0RU3Xa2vEiw0LQ7z18SiY4kjbcLReZhs=","QrOntm23Zn9rHlHHcq7FgJ/Hb1oH1TM5hDsCqnoXBkM=","xSDPHDGnlYr/hUGp3zeM67mpz1NtrtfssdB14I17nTU=","ZfWXjWoxB8OmCBixczxltpE8H6n1Ak9KcSII1eg6Cog=","GoK0GprK4AbYoJh+ebp9D+g8sq9e4BD3WgDrzC7fyiI=","phGpqTn7F7FEdpVXOfOHaSnTxKKZRw0ft27uTLtRExU=","5NZpPIvBL0NwBBR0KvUrtID3+gYnFjPc7h3YYKHGRas=","pHZUSXdJiW4dyMpx5aBg5+5idgsp4EmRyVz514wn6Ak=","AbdTMuDcNk/2aO9yrsmza68pawg5IYUAShNWBJeTn3k=","hVpRY3D+hvQMPaBlnIpW6e42/X9Hj5M8gzPZvWfJPmg=","YBkBMyUTQbuguhIljdwN6OPVXIm6Na7dfl15nMEdHjw=","NQs0SLJ287Z3ErwB8gZqWnUg2QRRJzYeG0ZZBBNj+es=","kn3s8GMdpovVJa7eGrGBpD1vz1QgqFYKzYVWLCMlew0=","rBVEoaoSlH4sdpEszJLFENLEBOpk382E82oDsDhAb8g=","Ot4wkm8ANx5T3WBrnDOB1Ldrdfnm33PWjhjcOJKjt9U=","MU6kF1N/XdygZ1riol8KmKw0IdSW7na5YHZK1veaX9I=","JJbyP0tbJtAdb8Mn5uIHkCLKjSf74RvFZiTvTjn7t2s=","mSqmMTVAfCxcHTBcHi7vnyIg/LaODpCohVucatkwwik=","k9+sLHhQZ9Hp6Zy5NSa9AWbbHpeOF8BK6pCuvhoZyEg=","riOUlU+29fi49xsurkj7E9iWt05+lrZaJ8ku6rb34AE=","pxSyat/itnLegDdLRLdGyb9ce0G7mfGAGMXWHyvQhvw=","d4nZNwZvXrEuW629zQxQHp0vaQlm3X/uXBXnsrwSZoE=","xBqHfS/I08yxHiFIJTHX7Q3Jz6W8yK3AaBzY/VsBtRc=","aUOCbWYjtjbIYydDRDEO2O59+z1XD6qlz1am77P+LH4=","Wd7eHX8DZbPC7W1Lc9DgyeVhNnppbRedwy1yBWuJOqg=","KB2BdwKaXgPteEOQce+18nnqrUGMVwfgme9iOU09sOg=","Sn/USJ57Vkx/osiXJHD3ta43UKnYKQCKpaUqEr4Vrag=","mp750D0yb1mVG5X8v0NMTITOpm+blwR5Ujl/iyE4EhI=","ReMI6usfqCJK9F1Q9qzbZLtAIpE1/fHuIuw/KiBokjw=","9JktcII+NcseOBFlPpF/HgdaKssJ/w14irMc6/uMq2M=","6kQpwz3Z76a+mgZK/e6kHtBNMd5tP57cmqvc4v2Ual4=","BkJ5ozazKsYd3V1dJZK1Ta6ZYSW6LXnLiztbYoLVuZs=","KysyELY+8IgKs7veClh9kNQ01oF/cWEM8lTEfv6qc2I=","l2xStT7mpwsIrYrVrMZnjuLMu9z7OBEveA8yWk6gJJM=","HFBNAETrTwGqI0byqbd7POa6AlqWMk6/c97VInEw8sE=","wcWyyZSk4SI/YKgxFvOYMuBS7x6kw4fJASkLflqpnqM=","ED9sIhJ8bXndiW2oRJO5ZK5NhDGp7yciK5gZ/piw+bI=","gQESn3JEaq98IfbxOocaqX3Hr/PUUu1wzdBsAmldRTI=","jUWcZkqkZV/S3O7pQ30mgCXO1MkXdJOq7k0/Y3yO7Eg=","g4X6AcKoqU6M7REmQgJGRYXH5NvuyAkzFMCkV7ZGHyY=","2OkAyUAG/9SImCydXpA88YhxYm6f2h1resmxuGCeGH4=","HR1yujN0DbLRJj1UfHFDsX8xz36CZJWfu5GIH236Y4E=","OXvB7jDQflLJMw8cIOX58ueeexrd8fNED+R9INYtPTg=","cbtQsHF0pa3GBeiReRfexAUiaNnQSBy2SzhW6m9cjWI=","Mwdv+uj8hx0oy0fbrVBphg4hUY9sz6/0PMVmaaNhS8U=","y5Xale+C3IhYZRZUVaMTGjbXw3hnG+6jV6Bcf3us3XQ=","O7iHc9yxZz3nk3hHIBvlvTJetZ4y1RRXy84g8Sfx3KU=","f3DbMZXqRYerujLljD1JwYhWRz1ED+1DIXxK7zfK2X0=","Sk+nzK4U33rsQMYGQdrXb1XAbjLTzUwTVckJ/vWLC6c=","2k+b9iLK0zc7DFrrqhBkUJfSZ//gamyV5YEiMKQ7Ioc=","1XazdQv6DGv/KBwlW42ukSuhRhwCosSCN1fwDrk3ooE=","+BfRPw1XK8NkKDgL+nsIQbKK44s9l24XNsdIKW4sFFM=","PIdweO1TK4rIHpI1zDYYnaj8+yfXxsys9u6aL4iqzQE=","uiq9TrRv3CvVqOGsvDHYEQLfidQjSEGE3NlsW+H7Ulo=","yimDocYHt479e6rrmW3lpioij0loRROuenChLmFCe5o=","vb5ZogEjCTfX7A9fmX7HQDn/rFT6L3LsqEslgl5blqg=","QB1MaV8fHYUcwUs1/P9nS+6qsXAZS4+TndNMXQuEzek=","IHclEaKTW+z2AA+lOW/wuTD3CfS6MneL7+t2FznuOgU=","yXQPy4fLjueF5zAe1jbbOwbp6cbqv4cnoufoHmcfJVg=","TY+Si41PIztK8G/SKGMoczxCAi3HLN9rLqb3aWFvf7k=","VaU//UioxelEbfxIDUm6j6AqiTkDF9BvprE8D+AirYg=","bTQt2JMUyCEnHwb7dHaIwcJMwVsLHIDlLE1771c/oKc=","Pe4RD3A9d17+sYNcO9VE9XxFKCMNO0+ITIEpGMJa3Gg=","Alc2aQ8F2YrmROvCHo5f0kkruIoq3YIi9EiKDSNSUaQ=","KtJt1BoNTZb4ttP/d0OVWyIkafAqVUebSanZUChl6tk=","9JuZy0HpzZXw2dKEVWEzXFGKblHQVxY5VP/VAqE3CBU=","AIUld1kcmdWJ/KAtVWrxU6oJag373sJdGI2gCGMMFoQ=","gqC7K0NLuFc7saumL+SYYweydfTPKnB5jLYzWSvAB38=","IjW/1roN6jJapVverOQhdLJJ9RCjJ9cs1ktKQZWWPPk=","0E/Q52L/G1g03yo3DsNkkTJWE1+YzcxB8rzo9NsSmUE=","aZCPya6obAqAXsvF3EiRdWYB8VNKt7EWj8TOYUvxjnU=","UwhRGNz39QU9QOep1km0QrzzxP5zISzCkoIGpERx2X8=","Z4U+pHZsY8t77qmwdGL6VBfOwHXP9Z5k2H2ZD3yfT1A=","7O2z5S7CDBfTomxfWl213wK+HQEpiPr0LmZyNJMCkQE=","IT8KE5IbjYnXKpzbj1l6OABVW8495VBW5qpB9KzCgxQ=","3GiiiQjZ2dFHbsI0WIDOEaxTTFKRelolItqUHhFOm7I=","hRZO+g/3yOzZZsC/AIzFNSUU9gH0b/id1AKaDhOv+2U=","yPy5OM+/rtckUEW54rAXGkJJo0o01x7s6dwab9evlSk=","PfCQmaFo7RCGt82sERxsmTQh4QRzahy1m1216eusN14=","atX9QLi7cBcQ5veufCtIqnfuNq4mysh4tQABWBPE54I=","N03AO2Et7exsgtkyJ1SgaYo7U4YNLeSXA1Laj5EJFQc=","tZG6xr/zckYuYJCymqFN0XDydwKFYEaGFRXVHlzLThs=","1NLLeSglms7sCuxfRcnUCbFt2HTTt9AnHIOw416T0lA=","YyN0C3IagmBMJBTSpfFsu9cd8pY7wWaLZZvZOkU6hbg=","CFUDn0bqjapRkIpQ2kv2tKdIFK1bFkDoA3OvFe5S11A=","rVUSMJlqolfpSPR6oC9osXDXjqDQhC79/UE1o5/vFDY=","lIa975LFnpFSuXPy5Uq9FKTTbnRu7J0u5LGa0zFXvXE=","5ZjKIZTh6ity2wIvexFdiY0kfHP9JOIoaKiWwEtkiEA=","7jrUWgTI7FbxUwyG1LIrwMAkcCUkw+I1QtQRVHFWejg=","iY7O2eWq2g3eOt7m5TJN5mcRxSUbxle/y+8VriQmQoU=","rGW+9DMSto+tDzLyTYfkltG3EmpJBqdCe7yfCnWhgGs=","sDMHBuUrFcDz2boequNSvtBUZW7P4aBr/O0H772M8II=","n6vl1oQy1fd33Z4dB4fXksCMVlaweAKQ053KT/zdA7g=","Rq0eCtFaKIkBW5bl30Je71PUUK104rk2xsjkfOHC6v0=","xWM/9HgIdEBIylpKcU+hYTCNlTaWoiYZN/u9lMgU4Ck=","+W3zVwQxDLwdcOywjTpkTHv/Le89VrKZtdichKokuwc=","tBglTw4kDmcjtruRS9rL/XrOBfFBSXSOQr1M4PIVLIE=","LWF+HSdFs0Ea+ORE3ZKmV7RdyljkfEt6Z/Oio8ZWA7Q=","3aN35YCs/EtjbBKup1dYL7p1PX1Jiajkso9Mo9g9/6s=","i82E5kYuI2hXmcccWEZXz2MQ/cBhIhplTaY11CFEsV4="],"block_size":4096,"path":"skin/icons/updates/panda.gif"},{"block_hashes":["N/nk8F/Gjb2+MX+HnvW7CfgZbIeRxDZYg1DzKvCDhLg="],"block_size":4096,"path":"skin/icons/warning.svg"},{"block_hashes":["DkjEewEX/ivWmgQboZ9nqH8qG/ULYgVE+tqPNopMK3Q="],"block_size":4096,"path":"skin/icons/waving.svg"},{"block_hashes":["k4qxbGu19/sR9qV26Tl3ndkc3+Jrp7v8nIr2l1jqyEo="],"block_size":4096,"path":"skin/icons/windows.svg"},{"block_hashes":["UVWqhju1V0QSQYKrqO4vkIl2FQRHMfheH8O7KqoEjbI=","h73YcOPZAd7vN+r1nKifyu/u7irLZ213pj72n1M47Lg=","y6Cma0NcXTLuzY/5bcDOa4rNpzPbIwGjsEAe4r38OSA="],"block_size":4096,"path":"skin/issue-reporter.css"},{"block_hashes":["HQjeGBR12puObKUySKUfv9NodKeIIjS9r0fzE/guSgk="],"block_size":4096,"path":"skin/popup-dummy.css"},{"block_hashes":["9fL4kb/EnwQ4WhYpn6tmShLTaCW/W/7aSbsj715zFf8=","o21JQxu2upOm4Lfy5JNl+ZOWSEoOuTOc6w0Qn+mZOF8=","bTUXdRkdxjSjYRDrPiEQrdc5vsA0x9ydQxkmNAvL4Q0=","pLJytHCoZ2zFq4xeGZqh1gQrfaBttgYlXYdsfdJF93k=","ONdnkuxPTez8KoYQdEhdwhQloRNaXV34gLPYKC5s1SQ="],"block_size":4096,"path":"skin/popup.css"},{"block_hashes":["vKBdjqaw5X4J9FNL7zZw8zSzUIgbJwhsDxlKrXXZuow=","H0DVmW48PzGe+ny4Xe+s50kXtyemcnIm7OJ56GwWOVA=","mhpQRqFUDrppi/Ud+VK8GcHutmAF0xbr4lxL3Fxfng4="],"block_size":4096,"path":"skin/problem.css"},{"block_hashes":["vKBdjqaw5X4J9FNL7zZw8zSzUIgbJwhsDxlKrXXZuow=","H0DVmW48PzGe+ny4Xe+s50kXtyemcnIm7OJ56GwWOVA=","SK/xVECKdnnYQRw1wiQV84I3cGIqDrD/GqZl/dO+K30="],"block_size":4096,"path":"skin/updates.css"},{"block_hashes":["lNEpC/BDoqtAH12t3DN/GUYOgE02xEYmrpfHpk2zEcs=","0UM3Yba2XQtknRWSShjy7DAM039iDlLjbhEGtQAxLBU=","rUGkI2m5Yqc8yfKcCTHIWy4kPVwYWjkXPcHgGg3fmoE=","glHBaDFgpQQ0em+6lbICFH8yTNfvr/vk1TYJn/25B2g=","2a0fwhXoxAZes2drYFv8LYoY+cGP6cXmGBxahRO1GdE=","TkS5Mfx/4odzr6eWHApuLHNb4864s8Zc1Hy40JpFAiw=","2JwEtJ4Cs7utK1SgZFPPif2o0tAKXkOZguVbZlZ2oiM="],"block_size":4096,"path":"skin/web.css"},{"block_hashes":["EsC8T0kz30Xdx0M8fil7jTP0lEhZrcM26Ut9uutIElQ=","fYZ7IBob/5uI/R0pbPbHmnS6JponxNmFbG4KqQFN/Kg=","QD7cO5AoTxF3NkQV7uGqmJgES0RTK0gkKclLbHMk72Q=","xdug7x9aAnhPREzJDuCntIe/E5HyyGaQrmgDB9UpMts=","t1WNI/FIUtL1WjY1kkSNLcRMdIvWVIiC+1nKnYtX/wQ=","RYNYIjaWVrYVBTpXQdOlt0yEdm9W4HcoJrFaC9mc8nM=","gQveNiggDXmD6CaNbRsa3wRvPrgsEsQF4cgOmp8spCw=","Osr0cxYhoquToZj+izD570BOuNpf/A854dlLJg51CuY=","7SgzP8oyDwrDz0LowP3QKm4fTfKQn4VFQHrV+23JGYo=","Ut5wIxlZrsgqwjZy2LuvKXyJW7O/+4G70BqOXmXl2ko=","6YOBqSrObOoqIq3y1Wektq97QmIrFCP9nwOgcFCOfF0=","nmCDGMFaBHePpLvALGPUQcxZXN3HHl4q2tMynt28ugk=","ZWzoKIQZazj+KY78l/mSX5sxy2Pbg3wMlXOiUYEHO9w=","nDY3CPu/cN2rPzRIv/KrY7Mr4FT+UmjZHLhvaI2YjOs=","QTuTSMZbX+hHFLLnqMf84RWw+aHBQPN8y+32L4a5+Uo=","3KJhs85hMbZFeAU06BRYHqvXY//egX68UGh+JsXj/sw=","QGQlco5N3WGteafkyCMDwjv0NvQ6muLManyQ3NIUP8U=","ZdgODm4mVDCxNXndlZxSC35Z+6jcM6DFocCNUkA0vZw=","EQaZWEKcUiBt9sFF4wKSxTiYwDMf2hjdnXvQut7Ru7Y=","+8DFfkb89YaXnaRYPiBl6DZ8wB2HnsEyfM8mlroZNgw=","dQ/tChmi3XiLREJjdggho52WbYngCYA131S+e5zsKvk=","OWjuFrpl3EP3OYPiKsdIdXX6qGtR+78LIZ4SV0viaxg=","rwNKuhuIkyRaso8DXJTAu6VUO6iqr5QLEHI5LPg6QKA="],"block_size":4096,"path":"snippets.js"},{"block_hashes":["5jGzead6Q4+ZJpISCRUKaza8/SRbbnw8D0i/WsUEtBA=","kmkOPRgb+v5jCCM/lqk47IimpAELfUt0tO6ojmZHYZM="],"block_size":4096,"path":"subscriptionLink.postload.js"},{"block_hashes":["SZDznZaPWeYVyAojRGpSTJ/dpX5ZbfFNbmdxkWBhUcM="],"block_size":4096,"path":"updates.html"},{"block_hashes":["AmVODard53Od2/a2jJc3W8e6BwM9cguK330jmJPoGfc=","pH2BEXUl43rR89iHDQ1ELxLo68AX2lreYwvLxxl/iPY=","6c2YCqg2Kz5ziQQoakvzZun09n26MFUguc6nz6qs+3c=","EuELcxKl95BQ0Km+dzhmCFEuzr9VigL1QUz3si4Q1l0=","8hNrozVrkoP6Td8sxIpZJ8roSMjeGN4gB5STiFnt1U4=","UkFN9nDlz1gamcOplOv6B/8YJJX07NHrqfR2tdtyHXg=","dwZ6HbnGcX/de4PVfTyOGsqTNugOsivmMy7/pIi+G6w=","p/6xASSf8IcCZ9UW9ELbFhKUB6sSMcJ6kGIKcXtyt7k=","1yS8bt/5y+OwUxz47FePAsRhAqxtHxfgxUCtO2mXwXQ=","nyJFf/31f1eZUjvT/xpbjHLFixTnRLBpIIdBk9FudjE=","VIrC2v2C4FlrjiyNBSxCnF9nTDbbcvCEb0dc39XyKH0=","eSZo3hn5QfyYlVoTUq8XGysbqiYPKaU5NHEq/Choxf0=","utbO4ztJIuv6YYOnhoTBZQL+NBMYTRxETABi/EFzNhE=","XoQIYQdpt5CB4XyXyIkTpNNjEyyV1RLEd2HG1YYPsfU=","jqgfLPzx9EUHiohUfhhYPE5G1qTARxS6xBi6vLZNw3s=","OhyrpEa1BPCUmyx7HlE/HW5RomNs2SbPlnWGfseD4Aw=","9G7j2ZkR7kk5VcdAVx3QqlI0RwnnyieXgFT9M1ZzXHU=","qQKw6WM9fUAOA+Y5i9nzLSuuD/ofnGW69ruNd0nvFeA=","SHMGeALOBX8+C6nktvpuaTzm4Y/MHGb1VrrNba/Js0E=","aVIQvltm3qnDeoOWWFpW1PhLQiRKltUR5YvtEg/vWmI=","6gHkfRsylUuh/V7+uj7MZ5X3RbgOMTmSAGQW/wyx51w=","3U93X2QwQbqBriV2qpjqMEA/OTiQhGfnRbV48+b/U84=","c1n2KuNAkjyZSq1XbDqaMcw9VDnqHln+gJxI+44UaA8=","8HwfXnEtYqBAhR6edewPeU++eSaqP3GPU/zbtGAHdWE=","UQPaNO4YyR1gC8ekl3UZUvy+pHvLFArJYnf8NGBX/ys=","IKuDjYEU4i6G3Guc+QhZaK3gr4UkaMWgQBWoxIFQFFM=","xhvdr9a09BlIGXbsKJGb0HdNeEQsIqE3X6ZpnWgjrKg=","1Q+gh1NArbkIoKOjIhyY5yfSSdptDNvC+nzjAN+ZqFM=","9jFbFjkuenF6BMRdCxvitY+tJCYmy1LR3KH9xV8CiYE=","AkdipKwOLJVFtBLDSfEi1Hp18vOMGV3l/k3714JVF0o=","lzR8zhr8ep1E25wJ9QQRH50UHD0tlYS6wlksSciN9jA=","w2zXx0OfTKJlOa6Y63J0aKqwx0AwktKr1g/SgCNt11Q=","xPNiT1LUsQvZNzCeWrFYApaQCElQTg/ObTf+SDXJC+E=","jZ0STylurv8K4+xEdPPqCx/FLr2BQOH4rROa0A5HOc8=","Z3aElRIs3+/uI7ttJQxxEwxFtu4bEhFdcyC7v4JO3mQ="],"block_size":4096,"path":"updates.js"}],"version":2}