{"file_hashes":[{"block_hashes":["U7ADLSIa0zimwmIqbPsG3zYMRmCknFnRsrZfNFiOMuA="],"block_size":4096,"path":"_locales/no/messages.json"},{"block_hashes":["z+FNzDMXLGMClN1inTQ/VxoFGgVOj3XTEG+FrPWKE1A="],"block_size":4096,"path":"images/icon-19-disabled.png"},{"block_hashes":["5qTeASf85qr/GD//JckUMXEywv7blhxFIsJof6jyAwU="],"block_size":4096,"path":"images/icon-32.png"},{"block_hashes":["bMmqS3VhOJ4z3jdpYr3iyVxr4nQe4+FumCrvNPxYqZE="],"block_size":4096,"path":"images/icon-38-disabled.png"},{"block_hashes":["7h7XxRHKZ4sxGaODaMY8t70Bz92aH6XtY/B46oA1yzw="],"block_size":4096,"path":"images/icon-48.png"},{"block_hashes":["lEF37sZdDMlVAgcS/IX7Z3+G09VSGMx9DrqbDiL0S34="],"block_size":4096,"path":"pages/background.html"},{"block_hashes":["WcF4Y238jx3dh/wmfcjdf9AdpPSI7VShj9Oh09oeUPs="],"block_size":4096,"path":"pages/popup.html"},{"block_hashes":["r8grKdFGJ8kucZgI6Urp3EPYAqTfb5ArQ/awsiSbKzw=","0FQrj2r8ixKVYPzE55fQFunMsqcWX+mBEnieLvKxeF4="],"block_size":4096,"path":"scripts/background.js"},{"block_hashes":["PPAlpln9IeRFOs6W1g3BNJsGfjwkujlLMfBE8dDPP5I=","IYWDm71Wept6jNoltdmGpoDYVX/9qjn19LGMDfe2B+Q=","dBSEwWAkW1WADEv0NPF5IGqO4EzvLQgxiJSp133Jvho=","Fe8vFStukj6DxfeMnK/RZMsRvw3TLOk/XMvMZa08xhU="],"block_size":4096,"path":"scripts/contentscript.js"},{"block_hashes":["TcgYmMoPMO8Q2w5JrfZwnImeci6ErLzMANj1SwwYN9U="],"block_size":4096,"path":"scripts/popup.js"},{"block_hashes":["lemcwn7AFhD5pyqUEljNYvw8lyKUWgAz74eQXTorkiY="],"block_size":4096,"path":"styles/popup.css"}],"version":2}